EventID,PageNumber,PageEventEnds,OrderWithinPage,Chronological Order,NarrativeStatus,StartDate,EndDate,Era,Summary,LocationID,PresentMentioned,CharacterName,Race,Gender,Class,Rank,LocationTitle,X,Y,new_y,narrator,begin_word,end_word,event_sentence,event_words,chapter
15911,176,177,176.01,534,Narrated,1910-01-13,1910-01-13,Turn of the Century (1890-1913),<p>The chapter begins by re-setting the scene in the Harvard dorm room.  [SOURCE: Narrator]</p>,AA289,Mentioned,Thomas Sutpen,White,Male,Upper Class,Major,Harvard University,2571,831,-831, Narrator,there was no snow on shreve's arm now,he told grandfather about it he said that time,there was no snow on shreve's arm now no sleeve on his arm at all now only the smooth cupid fleshed forearm and hand coming back into the lamp and taking a pipe from the empty coffee can where he kept them filling it and lighting it so it is zero outside quentin thought soon he will raise the window and do deep breathing in it clench fisted and naked to the waist in the warm and rosy orifice above the iron quad but he had not done so yet and now the moment the thought was an hour past and the pipe lay smoked out and overturned and cold with a light sprinkling of ashes about it on the table before shreve's crossed pink bright haired arms while he watched quentin from behind the two opaque and lamp glared moons of his spectacles so he just wanted a grandson he said that was all he was after jesus the south is fine isn't it it's better than the theatre isn't it it's better than ben hur isn't it no wonder you have to come away now and then isn't it quentin did not answer he sat quite still facing the table his hands lying on either side of the open text book on which the letter rested the rectangle of paper folded across the middle and now open three quarters open whose bulk had raised half itself by the leverage of the old crease in weightless and paradoxical levitation lying at such an angle that he could not possibly have read it deciphered it even without this added distortion yet he seemed to be looking at it or as near as shreve could tell he was his face lowered a little brooding almost sullen,295,7
15912,177,177,177.01,63,Told,1834-06-01,1834-08-31,Antebellum (1831-1860),"<p>Quentin begins Sutpen's own version of his story by mentioning the time ""the architect"" tried to run away (177).  [SOURCE: Grandfather, Quentin]</p>",AA17,Present,General Compson,White,Male,Upper Class,Secondary,Sutpen Plantation,785,193,-193," Grandfather, Quentin",he told grandfather about it he said that time,the demon hey shreve said quentin did not,he told grandfather about it he said that time when the architect escaped tried to tried to escape into the river bottom and go back to new orleans or wherever it was and he,34,7
15913,177,177,177.02,535,Narrated,1910-01-13,1910-01-13,Turn of the Century (1890-1913),"<p>Shreve interrupts Quentin's story-telling, as he will do a number of times in this chapter; the narrator describes his appearance, bare-chested at the table.  [SOURCE: Narrator]</p>",AA289,Mentioned,Thomas Sutpen,White,Male,Upper Class,Major,Harvard University,2571,831,-831, Narrator,the demon hey shreve said quentin did not,sent word in to grandfather and some others,the demon hey shreve said quentin did not answer him did not pause his voice level curious a little dreamy yet still with that overtone of sullen bemusement of smoldering outrage so that shreve still too resembling in his spectacles and nothing else from the waist down the table concealed him anyone entering the room would have taken him to be stark naked a baroque effigy created out of colored cake dough by someone with a faintly nightmarish affinity for the perverse watched him with thoughtful and intent curiosity,89,7
15914,177,177,177.03,65,Told,1834-06-01,1834-08-31,Antebellum (1831-1860),"<p>Quentin resumes his story-telling, anticipating the end of the pursuit for the escaped architect.  [SOURCE: Grandfather, Quentin]</p>",AA155,Present,General Compson,White,Male,Upper Class,Secondary,Tallahatchie River Bottom,1709,121,-121," Grandfather, Quentin",sent word in to grandfather and some others,maybe he had a girl shreve said or maybe,sent word in to grandfather and some others and got his dogs and his wild niggers out and hunted the architect down and made him take earth in a cave under the river bank two days later that was in the second summer when they had finished all the brick and had the foundations laid and most of the big timbers cut and trimmed and one day the architect couldn't stand it anymore or he was afraid he would starve or that the wild niggers and maybe colonel sutpen too would run out of grub and eat him or maybe he got homesick or maybe he just had to go,110,7
15915,177,177,177.04,537,Narrated,1910-01-13,1910-01-13,Turn of the Century (1890-1913),"<p>Shreve again interrupts, speculating on why the architect ran away; Quentin does not reply, sitting before the letter from his father.  [SOURCE: Narrator]</p>",AA289,Mentioned,Thomas Sutpen,White,Male,Upper Class,Major,Harvard University,2571,831,-831, Narrator,maybe he had a girl shreve said or maybe,and so he went he seemed to vanish in broad,maybe he had a girl shreve said or maybe he just wanted a girl you said the demon and the niggers didn't have but two quentin did not answer this either again he might not have heard talking in that curious repressed calm voice as though to the table before him or the book upon it or the letter upon the book or his hands lying on either side of the book,72,7
15916,177,178,177.05,64,Told,1834-06-01,1834-08-31,Antebellum (1831-1860),"<p>When Sutpen discovers the architect has fled, he makes plans to hunt him.  [SOURCE: Grandfather, Quentin]</p>",AA17,Mentioned,Unnamed Men Who Hunt Architect,White,Male,MultiClass Group,Minor,Sutpen Plantation,785,193,-193," Grandfather, Quentin",and so he went he seemed to vanish in broad,and grandfather he was young then too brought,and so he went he seemed to vanish in broad daylight right out from the middle of twenty one people or maybe it was just sutpen's back that was turned and that the niggers saw him go and didn't think it needed mentioning that being wild men they probably didn't know what sutpen himself was up to and him naked in the mud with them all day so i reckon they never did know what the architect was there for supposed to do or had done or could do or was so maybe they thought sutpen had sent him told him to go away and drown himself go away and die or maybe just go away so he did jumped up in broad daylight in his embroidered vest and fauntleroy tie and a hat like a baptist congressman and probably carrying the hat in his hand and ran into the swamp and the niggers watched him out of sight and then went back to work and sutpen didn't see it didn't even miss him until night suppertime probably and the niggers told him and he declared a holiday tomorrow because he would have to get out and borrow some dogs not that he would have needed dogs with his niggers to trail but maybe he thought that the guests the others would not be used to trailing with niggers and would expect dogs,233,7
15917,178,178,178.01,66,Told,1834-06-02,1834-08-31,Turn of the Century (1890-1913),"<p>Men bring champagne, whiskey and dogs as they prepare to help Sutpen hunt the runaway architect.  [SOURCE: Grandfather, Quentin]</p>",AA17,Present,General Compson,White,Male,Upper Class,Secondary,Sutpen Plantation,785,193,-193," Grandfather, Quentin",and grandfather he was young then too brought,then it was daylight and the dogs had a,and grandfather he was young then too brought some champagne and some of the others brought whiskey and they began to gather out there a little after sundown at his house that didn't even have walls yet that wasn't anything yet but some lines of bricks sunk into the ground but that was all right because they didn't go to bed anyhow grandfather said they just sat around the fire with the champagne and the whiskey and a quarter of the last venison he had killed and about midnight the man with the dogs came,95,7
15918,178,178,178.02,67,Told,1834-06-03,1834-08-31,Antebellum (1831-1860),"<p>The hunt for the escaped architect begins, with Sutpen and General Compson riding in company.  [SOURCE: Grandfather, Quentin]</p>",AA17,Mentioned,French Architect,White,Male,Middle Class,Minor,Sutpen Plantation,785,193,-193," Grandfather, Quentin",then it was daylight and the dogs had a,and so he told grandfather something about it,then it was daylight and the dogs had a little trouble at first because some of the wild niggers had run out about a mile of the trail just for fun but they got the trail straightened out at last the dogs and the niggers in the bottom and most of the men riding along the edge of it where the going was good but grandfather and colonel sutpen went with the dogs and the niggers because sutpen was afraid the niggers might catch the architect before he could reach them he and grandfather had to walk a good deal sending one of the niggers to lead the horses on around the bad places until they could ride again grandfather said it was fine weather and the trail lay pretty good but he said it would have been fine if the architect had just waited until october or november,149,7
15919,178,179,178.03,10,Told,1820-03-01,1820-12-31,Pre-Removal (-1830),"<p>Sutpen begins telling Grandfather his story, which Quentin introduces with the idea of ""innocence"" (178).  [SOURCE: Sutpen, Grandfather, Quentin]</p>",AA17,Present,Thomas Sutpen,White,Male,Upper Class,Major,Sutpen Plantation,785,193,-193," Sutpen, Grandfather, Quentin",and so he told grandfather something about it,not in west virginia shreve said what quentin,and so he told grandfather something about it his trouble was innocence all of a sudden he discovered not what he wanted to do but what he just had to do had to do it whether he wanted to or not because if he did not do it he knew that he could never live with himself for the rest of his life never live with what all the men and women that had died to make him had left inside of him for him to pass on with all the dead ones waiting and watching to see if he was going to do it right fix things right so that he would be able to look in the face not only the old dead ones but all the living ones that would come after him when he would be one of the dead and that at the very moment when he discovered what it was he found out that this was the last thing in the world he was equipped to do because he not only had not known that he would have to do this he did not even know that it existed to be wanted to need to be done until he was almost fourteen years old because he was born in west virginia in the mountains where,221,7
15920,179,179,179.01,538,Narrated,1910-01-13,1910-01-13,Turn of the Century (1890-1913),<p>Shreve interrupts Quentin to remind him that before the Civil War the state of West Virginia did not exist.  [SOURCE: Narrator]</p>,AA289,Mentioned,Thomas Sutpen,White,Male,Upper Class,Major,Harvard University,2571,831,-831, Narrator,not in west virginia shreve said what quentin,where what few other people he knew lived,not in west virginia shreve said what quentin said not in west virginia shreve said because if he was twenty five years old in mississippi in 1833 he was born in 1808 and there wasn't any west virginia in 1808 because all right quentin said west virginia wasn't admitted all right all right quentin said into the united states until all right all right all right quentin said,68,7
15921,179,180,179.02,1.5,Told,1808-01-01,1817-12-31,Pre-Removal (-1830),"<p>Growing up in the mountains, Sutpen knew nothing about slavery or class differences; in the mountains ""the land belongs to anybody and everybody"" (179).  [SOURCE: Sutpen, Grandfather, Quentin]</p>",AA1123,Mentioned,Unnamed Enslaved Field Hands,Black,Multi Gender Group,Enslaved Black,Minor,Western Virginia,2481,908,-908," Sutpen, Grandfather, Quentin",where what few other people he knew lived,that's how it was they fell into it the whole,where what few other people he knew lived in log cabins boiling with children like the one he was born in men and grown boys who hunted or lay before the fire on the floor while the women and older girls stepped back and forth across them to reach the fire to cook where the only colored people were indians and you only looked down at them over your rifle sights where he had never even heard of never imagined a place a land divided neatly up and actually owned by men who did nothing but ride over it on fine horses or sit in fine clothes on the galleries of big houses while other people worked for them he did not even imagine then that there was any such way to live or to want to live or that there existed all the objects to be wanted which there were or that the ones who owned the objects not only could look down on the ones that didn't but could be supported in the down looking not only by the others who owned objects too but by the very ones that were looked down on that didn't own objects and knew they never would because where he lived the land belonged to anybody and everybody and so the man who would go to the trouble and work to fence off a piece of it and say this is mine was crazy and as for objects nobody had any more of them than you did because everybody had just what he was strong enough or energetic enough to take and keep and only that crazy man would go to the trouble to take or even want more than he could eat or swap for powder and whiskey so he didn't even know there was a country all divided and fixed and neat with a people living on it all divided and fixed and neat because of what color their skins happened to be and what they happened to own and where a certain few men not only had the power of life and death and barter and sale over others they had living human men to perform the endless repetitive personal offices such as pouring the very whiskey from the jug and putting the glass into his hand or pulling off his boots for him to go to bed that all men have had to do for themselves since time began and would have to do until they died and which no man ever has or ever will like to do but which no man that he knew had ever anymore thought of evading than he had thought of evading the effort of chewing and swallowing and breathing when he was a child he didn't listen to the vague and cloudy tales of tidewater splendor that penetrated even his mountains because then he could not understand what the people meant and when he became a boy he didn't listen to them because there was nothing in sight to compare and gauge the tales by and so give the words life and meaning and no chance that he ever would certainly no belief or thought that someday he might and because he was too busy doing the things that boys do and when he got to be a youth and curiosity itself exhumed the tales which he did not know he had heard and speculated about them he was interested and would have liked to see the places once but without envy or regret because he just thought that some people were spawned in one place and some in another some spawned rich lucky he may have called it or maybe he called lucky rich and some not and that so he told grandfather the men themselves had little to do with the choosing and less of the regret because he told grandfather this too it had never once occurred to him that any man should take any such blind accident as that as authority or warrant to look down at others any others so he had hardly heard of such a world until he fell into it,697,7
22378,180,180,180.01,4,Narrated,1817-01-01,1817-12-31,Pre-Removal (-1830),"<p>The narrative of the Sutpen family's migration back to the low country begins.    [SOURCE: Sutpen, Grandfather, Quentin]</p>",AA1124,Mentioned,First American Sutpen,White,Male,Poor White,Peripheral,Tidewater Virginia,2519,922,-922," Sutpen, Grandfather, Quentin",that's how it was they fell into it the whole,when the ship from the old bailey reached jamestown,that's how it was they fell into it the whole family returned to the coast from which the first sutpen had come,22,7
22379,180,180,180.02,1,Narrated,1730-01-01,1770-12-31,Pre-Removal (-1830),"<p>Parenthetically the narrative notes the arrival of ""the first Sutpen"" in the new world; that he comes to Jamestown from ""the Old Bailey"" suggests clearly that he is one of the convicts whom the British empire forced to emigrate to supply their colonies with settlers (180) [SOURCE: Sutpen]</p>",AA1124,Present,First American Sutpen,White,Male,Poor White,Peripheral,Tidewater Virginia,2519,922,-922, Sutpen,when the ship from the old bailey reached jamestown,tumbled head over heels back to tidewater,when the ship from the old bailey reached jamestown probably,10,7
15922,180,181,180.03,4.1,Told,1817-01-01,1817-12-31,Pre-Removal (-1830),"<p>The trip the Sutpen family makes from the mountains to ""the slack lowlands"" of Virginia is described as a ""fall"" (180).  [SOURCE: Sutpen, Grandfather, Quentin]</p>",AA356,Mentioned,Thomas Sutpen's Mother,White,Female,Poor White,Minor,Virginia,2499,919,-919," Sutpen, Grandfather, Quentin",tumbled head over heels back to tidewater,he didn't know why they moved or didn't remember,tumbled head over heels back to tidewater by sheer altitude elevation and gravity as if whatever slight hold the family had had he said something to grandfather about his mother dying about that time and how his pap said she was a fine wearying woman and that he would miss her and something about how it was the wife that had got his father even that far west on the mountain had broken and now the whole passel of them from the father through the grown daughters down to one that couldn't even walk yet sliding back down out of the mountains and skating in a kind of accelerating and sloven and inert coherence like a useless collection of flotsam on a flooded river moving by some perverse automotivation such as inanimate objects sometimes show backward against the very current of the stream across the virginia plateau and into the slack lowlands about the mouth of the james river,159,7
15923,181,181,181.01,2,Told,1817-01-01,1817-12-31,Pre-Removal (-1830),"<p>Sutpen doesn't know why his father decided to move; he describes the ""morning"" when their journey started (181).  [SOURCE: Sutpen, Grandfather, Quentin]</p>",AA1123,Mentioned,Unnamed Someone(3),White,Male,Indeterminable,Peripheral,Western Virginia,2481,908,-908," Sutpen, Grandfather, Quentin",he didn't know why they moved or didn't remember,he didn't remember if it was weeks or months,he didn't know why they moved or didn't remember the reason if he ever knew it whether it was optimism hope in his father's breast or nostalgia since he didn't know just where his father had come from whether the country to which they returned was it or not or even if his father knew remembered wanted to remember and find it again whether somebody some traveler had told him of some easy place or time some escape from the hardship of getting food and keeping warm in the mountain way or if perhaps somebody his father knew once or who knew his father once and remembered him happened to think about him or someone kin to him who had tried to forget him and couldn't quite do it had sent for him and he obeying going not for the promised job but for the ease having faith perhaps in the blood kinship to evade the labor if it was kinship in his own inertia and in whatever gods had watched over him this far if it were not but he the demon shreve said didn't know or remember whether he had ever heard been told the reason or not all he remembered was that one morning the father rose and told the older girls to pack what food they had and somebody wrapped up the baby and somebody else threw water on the fire and they walked down the mountain to where roads existed they had a lopsided two wheeled cart and two spavined oxen now he told grandfather he did not remember just where nor when nor how his father had got it and he he was ten then the two older boys had left home some time before and had not been heard of since driving the oxen since almost as soon as they got the cart his father began the practice of accomplishing that part of the translation devoted to motion flat on his back in the cart oblivious among the quilts and lanterns and well buckets and bundles of clothing and children snoring with alcohol that was how he told it,356,7
15924,181,183,181.02,3,Told,1817-01-02,1818-12-31,Pre-Removal (-1830),"<p>The journey through Virginia takes a long time.  On the way, the father is repeatedly drunk, one of Sutpen's sisters gives birth, and Thomas sees his first Negro; when they reach the flat country, he ""got it"": he discovers the ""difference"" between races and classes (183).  [SOURCE: Sutpen, Grandfather, Quentin]</p>",AA356,Present,Sutpen Infant(1),White,Male,Poor White,Minor,Virginia,2499,919,-919," Sutpen, Grandfather, Quentin",he didn't remember if it was weeks or months,because they were stopped now at last he didn't know,he didn't remember if it was weeks or months or a year they traveled except that one of the older girls who had left the cabin unmarried was still unmarried when they finally stopped though she had become a mother before they lost the last blue mountain range whether it was that winter and then spring and then summer overtook and passed them on the road or whether they overtook and passed in slow succession the seasons as they descended or whether it was the descent itself that did it and they not progressing parallel in time but descending perpendicularly through temperature and climate a you couldn't call it a period because as he remembered it or as he told grandfather he did it didn't have either a definite beginning or a definite ending maybe attenuation is better an attenuation from a kind of furious inertness and patient immobility while they sat in the cart outside the doors of doggeries and taverns and waited for the father to drink himself insensible to a sort of dreamy and destinationless locomotion after they had got the old man out of whatever shed or outhouse or barn or ditch and loaded him into the cart again and during which they did not seem to progress at all but just to hang suspended while the earth itself altered flattened and broadened out of the mountain cove where they had all been born mounting rising about them like a tide in which the strange harsh rough faces about the doggery doors into which the old man was just entering or was just being carried or thrown out and this one time by a huge bull of a nigger the first black man slave they had ever seen who emerged with the old man over his shoulder like a sack of meal and his the nigger's mouth loud with laughing and full of teeth like tombstones swam up and vanished and were replaced the earth the world rising about them and flowing past as if the cart moved on a treadmill and it now spring and now summer and they still moving on toward a place they had never seen and had no conception of let alone wanted to go to and from a place a little lost spot on the side of a hill back to which probably not one of them excepting possibly the usually insensible father who made one stage of the journey accompanied by the raspberry colored elephants and snakes which he seems to have been hunting for could have led the way bringing into and then removing from their sober static country astonishment the strange faces and places both faces and places doggeries and taverns now become hamlets hamlets now become villages villages now towns and the country flattened out now with good roads and fields and niggers working in the fields while white men sat fine horses and watched them and more fine horses and men in fine clothes with a different look in the face from mountain men about the taverns where the old man was not even allowed to come in by the front door and from which his mountain drinking manners got him ejected before he would have time to get drunk good so that now they began to make really pretty good time and no laughter and jeers to the ejecting now even if the laughter and jeers had been harsh and without much gentleness in them that's the way he got it he had learned the difference not only between white men and black ones but he was learning that there was a difference between white men and white men not to be measured by lifting anvils or gouging eyes or how much whiskey you could drink then get up and walk out of the room that is he had begun to discern that without being aware of it yet he still thought that that was just a matter of where you were spawned and how lucky or not lucky and that the lucky ones would be even slower and lother than the unlucky to take any advantage of it or credit for it feel that it gave them anything more than the luck that they would feel if anything more tender toward the unlucky than the unlucky would ever need to feel toward them he was to find all that out later he remembered when he did it because that was the same second when he discovered the innocence it was not the second the moment that he was long about it was the getting to it the moment when they must have realised believed at last that they were no longer traveling moving going somewhere not the being still at last and in a fashion settled because they had done that before on the road he remembered how one time the gradual difference in comfort between the presence and absence of shoes and warm clothing occurred in one place a cowshed where the sister's baby was born and as he told grandfather for all he could remember locate in elapsed time conceived too,860,7
15925,183,184,183.01,5,Told,1818-01-01,1819-12-31,Pre-Removal (-1830),"<p>Disoriented both physically and psychologically, Sutpen struggles to understand the racial and socio-economic patterns of the slave society he has fallen into.   [SOURCE: Sutpen, Grandfather, Quentin]</p>",AA1124,Present,Sutpen Infant(1),White,Male,Poor White,Minor,Tidewater Virginia,2519,922,-922," Sutpen, Grandfather, Quentin",because they were stopped now at last he didn't know,and the man who owned all the land,because they were stopped now at last he didn't know where they were for a time during the first days or weeks or months the woodsman's instinct which he had acquired from the environment where he grew up or maybe had been bequeathed him by the two brothers who had vanished one of which had been as far west as the mississippi river one time bequeathed him along with the wornout buckskin garments and such which they left in the cabin when they departed the last time for good and which he had sharpened by boy's practice at small game and such kept him oriented so that he could have so he said found his way back to the mountain cabin in time but that was past now the moment when he last could have said exactly where he had been born now weeks and months maybe a year the year since that was when he became confused about his age and was never able to straighten it out again so that he told grandfather that he did not know within a year on either side just how old he was behind him so he knew neither where he had come from nor where he was nor why he was just there surrounded by the faces almost all the faces which he had ever known always known though the number of them despite the efforts of the unmarried sister who pretty soon so he told grandfather and still without any wedding had another baby decreasing thinning out because of the climate the warmth the dampness living in a cabin that was almost a replica of the mountain one except that it didn't sit up in the bright wind but sat instead beside a big flat river that sometimes showed no current at all and even sometimes ran backward where his sisters and brothers seemed to take sick after supper and die before the next meal where regiments of niggers with white men watching them planted and raised things that he had never heard of the old man did something too something besides drink now at least he would leave the cabin after breakfast and return sober to supper and he fed them somehow,373,7
15926,184,185,184.01,6,Told,1818-01-02,1819-12-31,Pre-Removal (-1830),"<p>Sutpen secretly watches the planter for whom his father works in a hammock, being waited on by a slave wearing ""better clothes than he or his father and sisters had ever owned"" (184).  He watches without envy, and innocently.  [SOURCE: Sutpen, Grandfather, Quentin]</p>",AA1124,Mentioned,Thomas Sutpen's Father,White,Male,Poor White,Minor,Tidewater Virginia,2519,922,-922," Sutpen, Grandfather, Quentin",and the man who owned all the land,he didn't even know he was innocent that day when,and the man who owned all the land and the niggers and apparently the white men who superintended the work lived in the biggest house he had ever seen and spent most of the afternoon he told how he would creep up among the tangled shrubbery of the lawn and lie hidden and watch the man in a barrel stave hammock between two trees with his shoes off and a nigger who wore every day better clothes than he or his father and sisters had ever owned and ever expected to who did nothing else but fan him and bring him drinks and he he was eleven or twelve or thirteen now because this was where he realised that he had irrevocably lost count of his age lying there all afternoon while the sisters would come from time to time to the door of the cabin two miles away and scream at him for wood or water watching that man who not only had shoes in the summertime too but didn't even have to wear them but he still didn't envy the man he was watching he coveted the shoes and probably he would have liked for his father to have a broadcloth monkey to hand him the jug and to carry the wood and water into the cabin for his sisters to wash and cook with and keep the house warm so that he himself would not have to do it maybe he even realised understood the pleasure it would have given his sisters for their neighbors other whites like them who lived in other cabins not quite as well built and not at all as well kept and preserved as the ones the nigger slaves lived in but still nimbused with freedom's bright aura which the slave quarters were not for all their sound roofs and white wash to see them being waited on because he had not only not lost the innocence yet he had not yet discovered that he possessed it he no more envied the man than he would have envied a mountain man who happened to own a fine rifle he would have coveted the rifle but he would himself have supported and confirmed the owner's pride and pleasure in its ownership because he could not have conceived of the owner taking such crass advantage of the luck which gave the rifle to him rather than to another as to say to other men because i own this rifle my arms and legs and blood and bones are superior to yours except as the victorious outcome of a fight with rifles and how in the world could a man fight another man with dressed up niggers and the fact that he could lie in a hammock all afternoon with his shoes off and what in the world would he be fighting for if he did,481,7
15927,185,186,185.01,11,Told,1820-03-01,1820-12-31,Pre-Removal (-1830),"<p>The day Sutpen is sent to ""the big house"" with a ""message,"" but is turned away from the front door by a slave (185).  [SOURCE: Sutpen, Grandfather, Quentin]</p>",AA1124,Mentioned,Thomas Sutpen's Sister(1),White,Female,Poor White,Minor,Tidewater Virginia,2519,922,-922," Sutpen, Grandfather, Quentin",he didn't even know he was innocent that day when,and a part of him turn and rush back through,he didn't even know he was innocent that day when his father sent him to the big house with the message he didn't remember or did not say what the message was apparently he still didn't know exactly just what his father did what work or maybe supposed to do the old man had in relation to the plantation a boy either thirteen or fourteen he didn't know which in garments his father had got from the plantation commissary and had worn out and which one of the sisters had patched and cut down to fit him and he no more conscious of his appearance in them or of the possibility that anyone else would be than he was of his skin following the road and turning into the gate and following the drive up past where still more niggers with nothing to do all day but plant flowers and trim grass were working and so to the house the portico the front door thinking how at last he was going to see the inside of it see what else a man was bound to own who could have a special nigger to hand him his liquor and pull off his shoes that he didn't even need to wear never for one moment thinking but what the man would be as pleased to show him the balance of his things as the mountain man would have been to show the powder horn and bullet mold that went with the rifle because he was still innocent he knew it without being aware that he did he told grandfather how before the monkey nigger who came to the door had finished saying what he did he seemed to kind of dissolve,289,7
15928,186,188,186.01,7,Told,1818-01-01,1819-12-31,Pre-Removal (-1830),"<p>While the enslaved butler bars the door to him, Sutpen thinks back over ""the two years"" he has been in the Tidewater; he remembers representative moments of conflict and contempt between upper- and lower-class whites, and lower-class whites and slaves (186).  [SOURCE: Sutpen, Grandfather, Quentin]</p>",AA1124,Mentioned,Pettibone,White,Male,Upper Class,Peripheral,Tidewater Virginia,2519,922,-922," Sutpen, Grandfather, Quentin",and a part of him turn and rush back through,and now he stood there before that white door,and a part of him turn and rush back through the two years they had lived there like when you pass through a room fast and look at all the objects in it and you turn and go back through the room again and look at all the objects from the other side and you find out you had never seen them before rushing back through those two years and seeing a dozen things that had happened and he hadn't even seen them before a certain flat level silent way his older sisters and the other white women of their kind had of looking at niggers not with fear or dread but with a kind of speculative antagonism not because of any known fact or reason but inherited by both white and black the sense effluvium of it passing between the white women in the doors of the sagging cabins and the niggers in the road and which was not quite explainable by the fact that the niggers had better clothes and which the niggers did not return as antagonism or in any sense of dare or taunt but through the very fact that they were apparently oblivious of it too oblivious of it you knew that you could hit them he told grandfather and they would not hit back or even resist but you did not want to because they the niggers were not it not what you wanted to hit that when you hit them you would just be hitting a child's toy balloon with a face painted on it a face slick and smooth and distended and about to burst into laughing and so you did not dare strike it because it would merely burst and you would rather let it walk on out of your sight than to have stood there in the loud laughing of talk at night before the fire when they had company or had themselves gone visiting after supper to another cabin the voices of the women sober enough even calm yet filled with a quality dark and sullen and only some man usually his father in drink to break out into harsh recapitulation of his own worth the respect which his own physical prowess commanded from his fellows and the boy of either thirteen or fourteen or maybe twelve knowing that the men and the women were talking about the same thing though it had never once been mentioned by name like when people talk about privation without mentioning the siege about sickness without ever naming the epidemic of one afternoon when he and his sister were walking along the road and he heard the carriage coming up behind them and stepped off the road and then realised that his sister was not going to give way to it that she still walked in the middle of the road with a sort of sullen implacability in the very angle of her head and he shouted at her and then it was all dust and rearing horses and glinting harness buckles and wheel spokes he saw two parasols in the carriage and the nigger coachman in a plug hat shouting hoo dar gal git outen de way dar and then it was over gone the carriage and the dust the two faces beneath the parasols glaring down at his sister then he was throwing vain clods of dirt after the dust as it spun on knowing now while the monkey dressed nigger butler kept the door barred with his body while he spoke that it had not been the nigger coachman that he threw at at all that it was the actual dust raised by the proud delicate wheels and just that vain of one night late when his father came home blundered into the cabin he could smell the whiskey even while still dulled with broken sleep hearing that same fierce exultation vindication in his father's voice we whupped one of pettibone's niggers tonight and he roused at that waked at that asking which one of pettibone's niggers and his father said he did not know had never seen the nigger before and he asked what the nigger had done and his father said hell fire that goddamn son of a bitch pettibone's nigger how without knowing it then since he had not yet discovered innocence he must have meant the question the same way his father meant the answer no actual nigger living creature living flesh to feel pain and writhe and cry out he could even seem to see them the torch disturbed darkness among trees the fierce hysterical faces of the white men the balloon face of the nigger maybe the nigger's hands would be tied or held but that would be all right because they were not the hands with which the balloon face would struggle and writhe for freedom not the balloon face it was just poised among them levitative and slick with paper thin distension then someone would strike the balloon one single desperate and despairing blow and then he would seem to see them fleeing running with all about them overtaking them and passing and going on and then returning to overwhelm them again the roaring waves of mellow laughter meaningless and terrifying and loud,881,7
15930,188,188,188.01,12,Told,1820-03-01,1820-12-31,Pre-Removal (-1830),"<p>The story returns to the moment when Sutpen is turned away from ""that white door"" by a slave (188).  [SOURCE: Sutpen, Grandfather, Quentin]</p>",AA1124,Mentioned,Thomas Sutpen's Sister(1),White,Female,Poor White,Minor,Tidewater Virginia,2519,922,-922," Sutpen, Grandfather, Quentin",and now he stood there before that white door,he didn't even remember leaving all of a sudden,and now he stood there before that white door with the monkey nigger barring it and looking down at him in his patched made over jeans clothes and no shoes and i dont reckon he had even ever experimented with a comb because that would be one of the things that his sisters would keep hidden good who had never thought about his own hair or clothes or anybody else's hair or clothes until he saw that monkey nigger who through no doing of his own happened to have had the felicity of being housebred in richmond maybe looking or maybe even in charleston shreve breathed at them and he never even remembered what the nigger said how it was the nigger told him even before he had had time to say what he came for never to come to that front door again but to go around to the back,151,7
15931,188,190,188.02,13,Told,1820-03-01,1820-12-31,Pre-Removal (-1830),"<p>Sutpen seeks refuge in a ""kind of cave"" (188), where he tries to figure out how, after being turned away from that door, he can ""live with himself for the rest of his life"" (189).  He suddenly sees himself and his family and other poor whites as ""the rich man"" had always been seeing them, as ""cattle"" (190).  He argues with himself about shooting the rich man.  [SOURCE: Sutpen, Grandfather, Quentin]</p>",AA1124,Mentioned,Sutpen Infant(1),White,Male,Poor White,Minor,Tidewater Virginia,2519,922,-922," Sutpen, Grandfather, Quentin",he didn't even remember leaving all of a sudden,now he was hungry it was before dinner,he didn't even remember leaving all of a sudden he found himself running and already some distance from the house and not toward home he was not crying he said he wasn't even mad he just had to think so he was going to where he could be quiet and think and he knew where that place was he went into the woods he says he did not tell himself where to go that his body his feet just went there a place where a game trail entered a cane brake and an oak tree had fallen across it and made a kind of cave where he kept an iron griddle that he would cook small game on sometimes he said he crawled back into the cave and sat with his back against the uptorn roots and thought because he couldn't get it straight yet he couldn't even realise yet that his trouble his impediment was innocence because he would not be able to realise that until he got it straight so he was seeking among what little he had to call experience for something to measure it by and he couldn't find anything he had been told to go around to the back door even before he could state his errand who had sprung from a people whose houses didn't have back doors but only windows and anyone entering or leaving by a window would be either hiding or escaping neither of which he was doing in fact he had actually come on business in the good faith of business which he had believed that all men accepted of course he had not expected to be invited in to eat a meal since time the distance from one cooking pot to the next did not need to be measured in hours or days perhaps he had not expected to be asked into the house at all but he did expect to be listened to because he had come been sent on some business which even though he didn't remember what it was and maybe at the time he said he might not even have comprehended was certainly connected somehow with the plantation that supported and endured that smooth white house and that smooth white brass decorated door and the very broadcloth and linen and silk stockings the monkey nigger stood in to tell him to go around to the back before he could even state the business it was like he might have been sent with a lump of lead or even a few molded bullets so that the man who owned the fine rifle could shoot it and the man came to the door and told him to leave the bullets on a stump at the edge of the woods not even letting him come close enough to look at the rifle because he was not mad he insisted on that to grandfather he was just thinking because he knew that something would have to be done about it he would have to do something about it in order to live with himself for the rest of his life and he could not decide what it was because of that innocence which he had just discovered he had which the innocence not the man the tradition he would have to compete with he had nothing to compare and gauge it by but the rifle analogy and it would not make sense by that he was quite calm about it he said sitting there with his arms around his knees in his little den beside the game trail where more than once when the wind was right he had seen deer pass within ten feet of him arguing with himself quietly and calmly while both debaters agreed that if there were only someone else some older and smarter person to ask but there was not there was only himself the two of them inside that one body which was maybe thirteen or maybe fourteen or maybe was already fifteen but would never know it for certain forever more arguing quiet and calm but i can shoot him not the monkey nigger it was not the nigger anymore than it had been the nigger that his father had helped to whip that night the nigger was just another balloon face slick and distended with that mellow loud and terrible laughing so that he did not dare to burst it looking down at him from within the half closed door during that instant in which before he knew it something in him had escaped and he unable to close the eyes of it was looking out from within the balloon face just as the man who did not even have to wear the shoes he owned whom the laughter which the balloon held barricaded and protected from such as he looked out from whatever invisible place he the man happened to be at the moment at the boy outside the barred door in his patched garments and splayed bare feet looking through and beyond the boy he himself seeing his own father and sisters and brothers as the owner the rich man not the nigger must have been seeing them all the time as cattle creatures heavy and without grace brutely evacuated into a world without hope or purpose for them who would in turn spawn with brutish and vicious prolixity populate double treble and compound fill space and earth with a race whose future would be a succession of cut down and patched and made over garments bought on exorbitant credit because they were white people from stores where niggers were given the garments free with for sole heritage that expression on a balloon face bursting with laughter which had looked out at some unremembered and nameless progenitor who had knocked at a door when he was a little boy and had been told by a nigger to go around to the back but i can shoot him and the other no that wouldn't do no good and the first what shall we do then and the other i dont know and the first but i can shoot him i could slip right up there through them bushes and lay there until he come out to lay in the hammock and shoot him and the other no that wouldn't do no good and the first then what shall we do and the other i dont know,1076,7
15932,190,192,190.01,14,Told,1820-03-01,1820-12-31,Pre-Removal (-1830),"<p>Sutpen returns to the cabin his family lives in, to realize that he never got to deliver his message, that there isn't anything he can do that would be meaningful to the rich man.  He first conceives his design, which leads him to decide to leave home. [SOURCE: Sutpen, Grandfather, Quentin]</p>",AA1124,Mentioned,Unnamed Enslaved Butler,Black,Male,Enslaved Black,Secondary,Tidewater Virginia,2519,922,-922," Sutpen, Grandfather, Quentin",now he was hungry it was before dinner,he went to the west indies quentin had not moved,now he was hungry it was before dinner when he went to the big house and now there was no sun at all where he crouched though he could still see sun in the tops of the trees around him but his stomach had already told him it was late and that it would be later still when he reached home and then he said he began to think home home and that he thought at first that he was trying to laugh and that he kept on telling himself it was laughing even after he knew better home as he came out of the woods and approached it still hidden yet and looked at it the rough partly rotten log walls the sagging roof whose missing shingles they did not replace but just set pans and buckets under the leaks the leanto room which they used for kitchen and which was all right because in good weather it didn't even matter that it had no chimney since they did not attempt to use it at all when it rained and his sister pumping rhythmic up and down above a washtub in the yard her back toward him shapeless in a calico dress and a pair of the old man's shoes unlaced and flapping about her bare ankles and broad in the beam as a cow the very labor she was doing brutish and stupidly out of all proportion to its reward the very primary essence of labor toil reduced to its crude absolute which only a beast could and would endure and now he said the thought striking him for the first time as to what he would tell his father when the old man asked him if he had delivered the message whether he would lie or not since if he did lie he would be found out maybe at once since probably the man had already sent a nigger down to see why whatever it was his father had failed to do and had sent the excuse for was not done granted that that was what his errand to the house had been which granted his old man it probably was but it didn't happen at once because his father was not at home yet so it was only the sister as if she had been waiting not for the wood but just for him to return for the opportunity to use her vocal cords nagging at him to fetch the wood and he not refusing not objecting just not hearing her paying any attention to her because he was still thinking then the old man came and the sister told on him and the old man made him fetch the wood and still nothing said about the errand while they ate supper nor when he went and lay down on the pallet where he slept and where he went to bed by just lying down only not to sleep now just lying there with his hands under his head and still nothing said about it and he still not knowing if he was going to lie or not because he said how the terrible part of it had not occurred to him yet he just lay there while the two of them argued inside of him speaking in orderly turn both calm even leaning backward to be calm and reasonable and unrancorous but i can kill him no that wouldn't do no good then what shall we do about it i dont know and he just listening not especially interested he said hearing the two of them without listening because what he was thinking about now he hadn't asked for it was just there natural in a boy a child and he not paying any attention to it either because it was what a boy would have thought and he knew that to do what he had to do in order to live with himself he would have to think it out straight as a man would thinking the nigger never give me a chance to tell him what it was and so he not the nigger now either wont know it and whatever it is wont get done and he wont know it aint done until too late so he will get paid back that much for what he set that nigger to do and if it only was to tell him that the stable the house was on fire and the nigger wouldn't even let me tell him warn him and then he said that all of a sudden it was not thinking it was something shouting it almost loud enough for his sisters on the other pallet and his father in the bed with the two youngest and filling the room with alcohol snoring to hear too he never even give me a chance to say it not even to tell it say it it too fast too mixed up to be thinking it all kind of shouting at him at once boiling out and over him like the nigger laughing he never gave me a chance to say it and pap never asked me if i told him or not and so he cant even know that pap sent him any message and so whether he got it or not cant even matter not even to pap i went up to that door for that nigger to tell me never to come to that front door again and i not only wasn't doing any good to him by telling it or any harm to him by not telling it there aint any good or harm either in the living world that i can do to him it was like that he said like an explosion a bright glare that vanished and left nothing no ashes nor refuse just a limitless flat plain with the severe shape of his intact innocence rising from it like a monument that innocence instructing him as calm as the others had ever spoken using his own rifle analogy to do it with and when it said them in place of he or him it meant more than all the human puny mortals under the sun that might lie in hammocks all afternoon with their shoes off if you were fixing to combat them that had the fine rifles the first thing you would do would be to get yourself the nearest thing to a fine rifle you could borrow or steal or make wouldn't it and he said yes but this aint a question of rifles so to combat them you have got to have what they have that made them do what he did you got to have land and niggers and a fine house to combat them with you see and he said yes again he left that night he waked before day and departed just like he went to bed by rising from the pallet and tiptoeing out of the house he never saw any of his family again,1175,7
15933,192,193,192.01,539,Narrated,1910-01-13,1910-01-13,Turn of the Century (1890-1913),<p>The next installment in Sutpen's story opens by returning to the dorm room where Quentin is retelling it.  [SOURCE: Narrator]</p>,AA289,Mentioned,Thomas Sutpen,White,Male,Upper Class,Major,Harvard University,2571,831,-831, Narrator,he went to the west indies quentin had not moved,that was how he said it he and grandfather,he went to the west indies quentin had not moved not even to raise his head from its attitude of brooding bemusement upon the open letter which lay on the open textbook his hands lying on the table before him on either side of the book and the letter one half of which slanted upward from the transverse crease without support as if it had learned half the secret of levitation,71,7
15934,193,193,193.01,68,Told,1834-06-03,1834-08-31,Antebellum (1831-1860),"<p>The narrative relocates the story Sutpen is telling Grandfather about his earlier life in the context where he told it: the pursuit of a man - the French architect - running away from captivity.  [SOURCE: Grandfather, Quentin]</p>",AA1116,Mentioned,French Architect,White,Male,Middle Class,Minor,Downed Log in Woods,1285,209,-209," Grandfather, Quentin",that was how he said it he and grandfather,he went to the west indies that's how he said it,that was how he said it he and grandfather were sitting on a log now because the dogs had faulted that is they had treed a tree from which he the architect could not have escaped yet which he had undoubtedly mounted because they found the sapling pole with his suspenders still knotted about one end of it that he had used to climb the tree though at first they could not understand why the suspenders and it was three hours before they comprehended that the architect had used architecture physics to elude them as a man always falls back upon what he knows best in a crisis the murderer upon murder the thief thieving the liar lying he the architect knew about the wild negroes even if he couldn't have known that sutpen would get dogs he had chosen that tree and hauled that pole up after him and calculated stress and distance and trajectory and had crossed a gap to the next nearest tree that a flying squirrel could not have crossed and traveled from there on from tree to tree for almost half a mile before he put foot on the ground again it was three hours before one of the wild niggers the dogs wouldn't leave the tree they said he was in it found where he had come down so he and grandfather sat on the log and talked and one of the wild niggers went back to camp for grub and the rest of the whiskey and they blew the other men in with horns and they ate and he told grandfather some more of it while they waited,275,7
15935,193,193,193.02,18,Told,1823-01-01,1823-12-31,Pre-Removal (-1830),"<p>Sutpen leaves for the West Indies, presumably as a crewman on a ship bound for an island.  [SOURCE: Sutpen, Grandfather, Quentin]</p>",AA1126,Present,Thomas Sutpen,White,Male,Upper Class,Major,Haiti,2328,1348,-1348," Sutpen, Grandfather, Quentin",he went to the west indies that's how he said it,saying it just like that day thirty years later,he went to the west indies that's how he said it not how he managed to find where the west indies were nor where ships departed from to go there nor how he got to where the ships were and got in one nor how he liked the sea nor about the hardships of a sailor's life and it must have been hardship indeed for him a boy of fourteen or fifteen who had never seen the ocean before going to sea in 1823 he just said so i went to the west indies sitting there on the log with grandfather while the dogs still bayed the tree where they believed the architect was because he would have to be there,121,7
15936,193,194,193.03,334,Told,1864-11-01,1864-11-30,Civil War (1861-1865),"<p>The narrative leaps ahead to the next time Sutpen talked to Grandfather about his life - not 1834 in the woods, but ""thirty years later"": 1864 in Grandfather's office (195).  [SOURCE: Grandfather, Quentin]</p>",AA1113,Present,General Compson,White,Male,Upper Class,Secondary,General Compson's|Mr. Compson's Office,1320,837,-837," Grandfather, Quentin",saying it just like that day thirty years later,just told grandfather how he had put his first wife,saying it just like that day thirty years later when he sat in grandfather's office in his fine clothes now even though they were a little soiled and worn with three years of war with money to rattle in his pocket and his beard at its prime too beard body and intellect at that peak which all the different parts that make a man reach where he can say i did all that i set out to do and i could stop here if i wanted to and no man to chide me with sloth not even myself and maybe this the instant which fate always picks out to blackjack you only the peak feels so sound and stable that the beginning of the falling is hidden for a little while with his head flung up a little in that attitude that nobody ever knew exactly who he had aped it from or if he did not perhaps learn it too from the same book out of which he taught himself the words the bombastic phrases with which grandfather said he even asked you for a match for his cigar or offered you the cigar and nothing of vanity nothing comic in it either grandfather said because of that innocence which he had never lost because after it finally told him what to do that night he forgot about it and didn't know that he still had it and told grandfather told him mind not excusing asking for no pity not explaining asking for no exculpation,256,7
15937,194,194,194.01,36,Told,1831-01-01,1832-12-31,Antebellum (1831-1860),"<p>Sutpen ""put his first wife aside"" because he realized she could not be part of ""the design which I had in mind"" (194).  [SOURCE: Sutpen, Grandfather, Quentin]</p>",AA1126,Mentioned,General Compson,White,Male,Upper Class,Secondary,Haiti,2328,1348,-1348," Sutpen, Grandfather, Quentin",just told grandfather how he had put his first wife,telling grandfather in that same tone while they sat,just told grandfather how he had put his first wife aside like eleventh and twelfth century kings did i found that she was not and could never be through no fault of her own adjunctive or incremental to the design which i had in mind so i provided for her and put her aside,54,7
15938,194,194,194.02,69,Told,1834-06-03,1834-08-31,Antebellum (1831-1860),"<p>The narrative makes its way back to Sutpen's earlier life by re-establishing the scene in which he told it to Grandfather: the chase of the fugitive architect.    [SOURCE: Grandfather, Quentin]</p>",AA1116,Present,General Compson,White,Male,Upper Class,Secondary,Downed Log in Woods,1285,209,-209," Grandfather, Quentin",telling grandfather in that same tone while they sat,so i went to the west indies i had had,telling grandfather in that same tone while they sat on the log waiting for the niggers to come back with the other guests and the whiskey,26,7
15939,194,195,194.03,8,Told,1819-11-01,1820-02-28,Pre-Removal (-1830),"<p>For ""three months one winter"" Sutpen attended school, which is how he heard about the West Indies (194).  [SOURCE: Sutpen, Grandfather, Quentin]</p>",AA1124,Mentioned,Thomas Sutpen's Mother,White,Female,Poor White,Minor,Tidewater Virginia,2519,922,-922," Sutpen, Grandfather, Quentin",so i went to the west indies i had had,i remember how i remained one afternoon when school,so i went to the west indies i had had some schooling during a part of one winter enough to have learned something about them to realise that they would be most suitable to the expediency of my requirements he didn't remember how he came to go to the school that is why his father decided all of a sudden to send him what nebulous vision or shape might have evolved out of the fog of alcohol and nigger beating and scheming to avoid work which his old man called his mind the image not of ambition nor glory not to see his son better himself for his own sake probably not even some blind instant of revolt against that same house whose roof had leaked on probably a hundred families like his which had come and lived beneath it and vanished and left no trace nothing not even rags and broken crockery but was probably mere vindictive envy toward one or two men planters whom he had to see every now and then anyway he was sent to school for about three months one winter an adolescent boy of thirteen or fourteen in a room full of children three or four years younger than he and three or four years further advanced and he not only probably bigger than the teacher the kind of teacher that would be teaching a one room country school in a nest of tidewater plantations but a good deal more of a man who probably brought into the school with him along with his sober watchful mountain reserve a good deal of latent insubordination that he would not be aware of any more than he would be aware at first that the teacher was afraid of him it would not be intractability and maybe you couldn't call it pride either but maybe just the self reliance of mountains and solitude since some of his blood at least his mother was a mountain woman a scottish woman who so he told grandfather never did quite learn to speak english had been bred in mountains but which whatever it was was that which forbade him to condescend to memorise dry sums and such but which did permit him to listen when the teacher read aloud sent to school where he told grandfather i learned little save that most of the deeds good and bad both incurring opprobrium or plaudits or reward either within the scope of man's abilities had already been performed and were to be learned about only from books so i listened when he would read to us i realise now that on most of these occasions he resorted to reading aloud only when he saw that the moment had come when his entire school was on the point of rising and leaving the room but whatever the reason he read to us and i anyway listened though i did not know that in that listening i was equipping myself better for what i should later design to do than if i had learned all the addition and subtraction in the book that was how i learned of the west indies not where they were though if i had known at the time that that knowledge would someday serve me i would have learned that too what i learned was that there was a place called the west indies to which poor men went in ships and became rich it didn't matter how so long as that man was clever and courageous the latter of which i believed that i possessed the former of which i believed that if it were to be learned by energy and will in the school of endeavor and experience i should learn,624,7
15940,195,196,195.01,9,Told,1819-11-02,1820-02-28,Pre-Removal (-1830),"<p>One day after school Sutpen questions the teacher directly about the West Indies.  [SOURCE: Sutpen, Grandfather, Quentin]</p>",AA1124,Present,Thomas Sutpen,White,Male,Upper Class,Major,Tidewater Virginia,2519,922,-922," Sutpen, Grandfather, Quentin",i remember how i remained one afternoon when school,so when the time came when i realised that,i remember how i remained one afternoon when school was out and waited for the teacher waylaid him he was a smallish man who always looked dusty as if he had been born and lived all his life in attics and store rooms and stepped out i recall how he started back when he saw me and how i thought at the time that if i were to strike him there would be no resulting outcry but merely the sound of the blow and a puff of dust in the air as when you strike a rug hanging from a line i asked him if it were true if what he had read us about the men who got rich in the west indies were true why not he answered starting back didn't you hear me read it from the book how do i know that what you read was in the book i said i was that green that countrified you see i had not then learned to read my own name although i had been attending the school for almost three months i daresay i knew no more than i did when i entered the schoolroom for the first time but i had to know you see perhaps a man builds for his future in more ways than one builds not only toward the body which will be his tomorrow or next year but toward actions and the subsequent irrevocable courses of resultant action which his weak senses and intellect cannot foresee but which ten or twenty or thirty years from now he will take will have to take in order to survive the act perhaps it was that instinct and not i who grasped one of his arms as he drew back i did not actually doubt him i think that even then even at my age i realised that he could not have invented it that he lacked that something which is necessary in a man to enable him to fool even a child by lying but you see i had to be sure had to take whatever method that came to my hand to make sure and there was nothing else to hand except him glaring at me and beginning to struggle and i holding him and saying i was quite calm quite calm i just had to know saying suppose i went there and found out that it was not so and he shrieking now shouting help help so that i let him go,420,7
15941,196,196,196.01,16,Told,1820-03-02,1820-12-31,Pre-Removal (-1830),"<p>When Sutpen realizes he would need money to achieve his design, he remembers what he had learned about the West Indies, and decides to go there.  [SOURCE: Sutpen, Grandfather, Quentin]</p>",AA1124,Mentioned,Unnamed School Teacher,White,Male,Lower Class,Minor,Tidewater Virginia,2519,922,-922," Sutpen, Grandfather, Quentin",so when the time came when i realised that,then the other guests began to ride up and,so when the time came when i realised that to accomplish my design i should need first of all and above all things money in considerable quantities and in the quite immediate future i remembered what he had read to us and i went to the west indies,48,7
15942,196,197,196.02,70,Told,1834-06-03,1834-08-31,Antebellum (1831-1860),"<p>Sutpen stops telling his story as the other ""guests"" and his slaves come into camp by the tree where the dogs lost the trail of the architect; Grandfather speculates about whether Sutpen is reliving the voyage to the West Indies in his mind (196).  [SOURCE: Grandfather, Quentin]</p>",AA1116,Mentioned,French Architect,White,Male,Middle Class,Minor,Downed Log in Woods,1285,209,-209," Grandfather, Quentin",then the other guests began to ride up and,he said there it is and got up and they all,then the other guests began to ride up and after a while the niggers came back with the coffee pot and a deer haunch and the whiskey and one bottle of champagne which they had overlooked grandfather said and he stopped talking for a while he didn't tell anymore of it until they had eaten and were sitting around smoking while the niggers and the dogs they had to drag the dogs away from the tree but especially away from the sapling pole with the architect's suspenders tied to it as if it was not only that the pole was the last thing the architect had touched but it was the thing his exultation had touched when he saw another chance to elude them and so it was not only the man but the exultation too which the dogs smelled that made them wild made casts in all directions getting further and further away until just before sundown one of the niggers whooped and he he hadn't spoken for some time grandfather said lying there on one elbow in the fine boots and the only pants he had and the shirt he had put on when he came out of the mud and washed himself off after he realised that he would have to hunt the architect down himself if he wanted him back alive probably not talking himself and maybe not even listening while the men talked about cotton and politics just smoking the cigar grandfather had given him and looking at the fire embers and maybe making that west indian voyage again that he had made when he was fourteen and didn't even know where he was going or if he would ever get there or not no more way of knowing whether the men who said the ship was going there were lying or not than he had of knowing whether or not the school teacher was telling the truth about what was in the book and he never told whether the voyage was hard or not how much he must have had to endure to make it which of course he did have to endure but then he believed that all necessary was courage and shrewdness and the one he knew he had and the other he believed he could learn if it were to be taught and it probably the hardship of the voyage which comforted him that the men who said the ship was going to the west indies had not lied to him because at that time grandfather said he probably could not have believed in anything that was easy,437,7
15943,197,198,197.01,71,Told,1834-06-03,1834-08-31,Antebellum (1831-1860),"<p>The architect's track is found again, and the pursuit continues ""until the light failed"" (197).  [SOURCE: Grandfather, Quentin]</p>",AA1116,Present,General Compson,White,Male,Upper Class,Secondary,Downed Log in Woods,1285,209,-209," Grandfather, Quentin",he said there it is and got up and they all,and he said how sutpen was talking about it,he said there it is and got up and they all went on and found where the architect had come back to the ground again with a gain of almost three hours so they had to go fast now and there wasn't much time to talk or at least grandfather said he did not appear to intend to resume then the sun went down and the other men had to start back to town they all went except grandfather because he wanted to listen some more so he sent word in by one of the others he was not married then either that he would not be home and he and sutpen went on until the light failed two of the niggers they were thirteen miles from sutpen's camp then had already gone back to get blankets and more grub then it was dark and the niggers began to light pine knots and they went on for a little while yet gaining what they could now since they knew that the architect would have had to den soon after dark to keep from traveling in a circle that was how grandfather remembered it he and sutpen leading their horses he would look back now and then and see the horses eyes shining in the torch light and the horses heads tossing and the shadows slipping along their shoulders and flanks and the dogs and the niggers the niggers mostly still naked except for a pair of pants here and there with the pine torches smoking and flaring above them and the red light on their round heads and arms and the mud they wore in the swamp to keep the mosquitoes off dried hard and shiny glinting like glass or china and the shadows they cast taller than they were at one moment then gone the next and even the trees and brakes and thickets there one moment and gone the next though you knew all the time that they were still there because you could feel them with your breathing as though invisible they pressed down and condensed the invisible air you breathed,354,7
15944,198,198,198.01,72,Told,1834-06-03,1834-08-31,Antebellum (1831-1860),"<p>Camped overnight on the track of the architect, Sutpen begins telling his story again.  [SOURCE: Grandfather, Quentin]</p>",AA1116,Mentioned,"McCannon, Shreve",White,Male,Middle Class,Major,Downed Log in Woods,1285,209,-209," Grandfather, Quentin",and he said how sutpen was talking about it,just as the fine broadcloth uniform in which you,and he said how sutpen was talking about it again telling him again before he realised that this was some more of it and he said how he thought how there was something about a man's destiny or about the man that caused the destiny to shape itself to him like his clothes did like the same coat that new might have fitted a thousand men yet after one man has worn it for a while it fits no one else and you can tell it anywhere you see it even if all you see is a sleeve or a lapel so that his the demon's shreve said destiny had fitted itself to him to his innocence his pristine aptitude for platform drama and childlike heroic simplicity,127,7
15945,198,198,198.02,333.5,Told,1864-11-01,1864-11-30,Civil War (1861-1865),"<p>The narrative jumps forward again to the scene in Grandfather's office after ""those four years"" of the Civil War, when Sutpen sat saying ""the most simple and the most outrageous things"" (198).  [SOURCE: Grandfather, Quentin]</p>",AA1113,Mentioned,Unnamed Confederate Soldiers,White,Male,MultiClass Group,Minor,General Compson's|Mr. Compson's Office,1320,837,-837," Grandfather, Quentin",just as the fine broadcloth uniform in which you,he was telling some more of it already,just as the fine broadcloth uniform in which you could have seen on ten thousand men during those four years which he wore when he came in the office on that afternoon thirty years later had fitted itself to the swaggering of all his gestures and to the forensic verbiage in which he stated calmly with that frank innocence which we call of a child except that a human child is the only living creature that is never either frank or innocent the most simple and the most outrageous things,90,7
15946,198,199,198.03,25,Told,1826-01-10,1826-12-31,Pre-Removal (-1830),"<p>It is ""six years"" after Sutpen ran away from his family (199).  He is in a ""beseiged Haitian room,"" firing a gun out a window ""in the dark"" (198).  It is suggested that the torches in the Yoknapatawpha swamp reminded him of this earlier moment.   [SOURCE: Grandfather, Quentin]</p>",AA1126,Mentioned,General Compson,White,Male,Upper Class,Secondary,Haiti,2328,1348,-1348," Grandfather, Quentin",he was telling some more of it already,he not telling how he got there what had happened,he was telling some more of it already into what he was telling yet still without telling how he got to where he was nor even how what he was now involved in obviously at least twenty years old now crouching behind a window in the dark and firing the muskets through it which someone else loaded and handed to him came to occur getting himself and grandfather both into that besieged haitian room as simply as he got himself to the west indies by saying that he decided to go to the west indies and so he went there this anecdote no deliberate continuation of the other one but merely called to his mind by the picture of the niggers and torches in front of them,127,7
15947,199,199,199.01,19,Told,1823-01-01,1826-12-31,Antebellum (1831-1860),"<p>Sutpen doesn't explain how he became ""overseer or foreman or something"" on a ""French"" sugar plantation in Haiti (199).   [SOURCE: Sutpen, Grandfather, Quentin]</p>",AA1126,Present,Thomas Sutpen,White,Male,Upper Class,Major,Haiti,2328,1348,-1348," Sutpen, Grandfather, Quentin",he not telling how he got there what had happened,and now grandfather said there was the first,he not telling how he got there what had happened during the six years between that day when he a boy of fourteen who knew no tongue but english and not much of that had decided to go to the west indies and become rich and this night when overseer or foreman or something to a french sugar planter he was barricade in the house with the planter's family,69,7
15948,199,199,199.02,540,Narrated,1910-01-13,1910-01-13,Turn of the Century (1890-1913),"<p>Quentin interrupts the story to note ""the first mention"" of something, which Shreve immediately asserts is ""a girl"" (199).   [SOURCE: Narrator]</p>",AA289,Mentioned,General Compson,White,Male,Upper Class,Secondary,Harvard University,2571,831,-831, Narrator,and now grandfather said there was the first,whom he was to tell grandfather thirty years,and now grandfather said there was the first mention a shadow that almost emerged for a moment and then faded again but not completely away of the it's a girl shreve said dont tell me just go on,38,7
15950,199,199,199.03,333.6,Told,1864-11-01,1864-11-30,Civil War (1861-1865),"<p>The narrative anticipates the way Sutpen told Grandfather thirty years later he ""put aside"" someone who was ""unsuitable"" for his design (199).   [SOURCE: Grandfather, Quentin]</p>",AA1113,Mentioned,Mrs. Thomas Sutpen(1),MixedBlackWhite,Female,Upper Class,Secondary,General Compson's|Mr. Compson's Office,1320,837,-837," Grandfather, Quentin",whom he was to tell grandfather thirty years,and a few frightened half breed servants which he,whom he was to tell grandfather thirty years afterward he had found unsuitable to his purpose and so put aside though providing for her,24,7
15962,199,199,199.04,26,Told,1826-01-10,1826-12-31,Antebellum (1831-1860),"<p>The narrative comes back, briefly, to the besieged Haitian plantation.   [SOURCE: Sutpen, Grandfather, Quentin]</p>",AA1126,Present,Mrs. Thomas Sutpen(1),MixedBlackWhite,Female,Upper Class,Secondary,Haiti,2328,1348,-1348," Sutpen, Grandfather, Quentin",and a few frightened half breed servants which he,and i reckon grandfather was saying wait wait,and a few frightened half breed servants which he would have to turn from the window from time to time and kick and curse into helping the girl load the muskets which he and the planter fired through the windows,40,7
15966,199,200,199.05,541,Told,1910-01-13,1910-01-13,Antebellum (1831-1860),"<p>A very nested passage, in which Quentin explicitly tells Shreve what Sutpen told Grandfather about the ""six or seven years"" between the time he left home and the scene in the besieged Haitian room (199).  It takes into account how Sutpen tells the story and how each listener - Shreve and Grandfather - respond.     [SOURCE: Sutpen, Grandfather, Quentin]</p>",AA289,Mentioned,General Compson,White,Male,Upper Class,Secondary,Harvard University,2571,831,-831," Sutpen, Grandfather, Quentin",and i reckon grandfather was saying wait wait,because grandfather asked him why he didn't,and i reckon grandfather was saying wait wait for god's sake wait about like you are until he finally did stop and back up and start over again with at least some regard for cause and effect even if none for logical sequence and continuity or maybe it was the fact that they were sitting again now having decided that they had gone far enough for that night and the niggers had made camp and cooked supper and they he and grandfather drank some of the whiskey and ate and then sat before the fire drinking some more of the whiskey and he telling it all over and still it was not absolutely clear the how and the why he was there and what he was since he was not talking about himself he was telling a story he was not bragging about something he had done he was just telling a story about something a man named thomas sutpen had experienced which would still have been the same story if the man had had no name at all if it had been told about any man or no man over whiskey at night that may have been what slowed him down but it was not enough to clarify the story much he still was not recounting to grandfather the career of somebody named thomas sutpen grandfather said the only mention he ever made to those six or seven years which must have existed somewhere must have actually occurred was about the patois he had to learn in order to oversee the plantation and the french he had to learn maybe not to get engaged to be married but which he would certainly need to be able to repudiate the wife after he had already got her how so he told grandfather he had believed that courage and shrewdness would be enough but found that he was wrong and how sorry he was that he had not taken the schooling along with the west indian lore when he discovered that all people did not speak the same tongue and realised that he would not only need courage and skill he would have to learn to speak a new language else that design to which he had dedicated himself would die still born so he learned the language just like he learned to be a sailor i reckon,397,7
15971,200,200,200.01,73,Told,1834-06-03,1834-08-31,Antebellum (1831-1860),"<p>Quietly and simply, Sutpen tells Grandfather that he was a virgin until his marriage - and why.   [SOURCE: Sutpen, Grandfather, Quentin]</p>",AA1116,Present,General Compson,White,Male,Upper Class,Secondary,Downed Log in Woods,1285,209,-209," Sutpen, Grandfather, Quentin",because grandfather asked him why he didn't,so it was no tale about women and certainly,because grandfather asked him why he didn't get himself a girl to live with and learn it the easy way and grandfather said how he sat there with the firelight on his face and the beard and his eyes quiet and sort of bright and said and grandfather said it was the only time he ever knew him to say anything quiet and simple on this night i am speaking of and until my first marriage i might add i was still a virgin you will probably not believe that and if i were to try to explain it you would disbelieve me more than ever so i will only say that that too was a part of the design which i had in my mind and grandfather said why shouldn't i believe it and he looking at grandfather still with that quiet bright expression about the eyes saying but do you surely you dont hold me in such small contempt as to believe that at twenty i could neither have suffered temptation nor offered it and grandfather said you're right i shouldn't believe it but i do,188,7
15975,200,200,200.02,29,Told,1826-01-10,1826-12-31,Pre-Removal (-1830),"<p>Sutpen describes the ""seven or eight nights"" he and the others spent besieged in the room, while the rebelling slaves burned parts of the plantation.   [SOURCE: Sutpen, Grandfather, Quentin]</p>",AA1126,Present,Mrs. Thomas Sutpen(1),MixedBlackWhite,Female,Upper Class,Secondary,Haiti,2328,1348,-1348," Sutpen, Grandfather, Quentin",so it was no tale about women and certainly,and grandfather said how he remembered then,so it was no tale about women and certainly not about love the woman the girl just that shadow which could load a musket but could not have been trusted to fire one out the window that night or the seven or eight nights while they huddled in the dark and watched from the windows the barns or granaries or whatever it is you harvest sugar into and the fields too blazing and smoking he said how you could smell it you could smell nothing else the rank sweet rich smell as if the hatred and the implacability the thousand secret dark years which had created the hatred and implacability had intensified the smell of the sugar,117,7
15977,200,201,200.03,74,Told,1834-06-03,1834-08-31,Antebellum (1831-1860),"<p>Sutpen drinks coffee black because the smell of ""burning sugar"" still makes him uncomfortable (201).   [SOURCE: Grandfather, Quentin]</p>",AA1116,Present,General Compson,White,Male,Upper Class,Secondary,Downed Log in Woods,1285,209,-209," Grandfather, Quentin",and grandfather said how he remembered then,the girl just emerging for a second of the telling,and grandfather said how he remembered then that he had seen sutpen each time decline sugar for his coffee and so he grandfather knew why now but he asked anyway to be sure and sutpen told him it was true that he had not been afraid until after the fields and barns were all burned and they had even forgot about the smell of the burning sugar but that he had never been able to bear sugar since,78,7
15978,201,201,201.01,28,Told,1826-01-10,1826-12-31,Pre-Removal (-1830),"<p>An image of ""the girl"" in Sutpen's story emerges briefly, as if ""by the flash"" of a musket (201).   [SOURCE: Sutpen, Grandfather, Quentin]</p>",AA1126,Present,Mrs. Thomas Sutpen(1),MixedBlackWhite,Female,Upper Class,Secondary,Haiti,2328,1348,-1348," Sutpen, Grandfather, Quentin",the girl just emerging for a second of the telling,no more detail and information about that than about,the girl just emerging for a second of the telling in a single word almost so that grandfather said it was like he had just seen her too for a second by the flash of one of the muskets a bent face a single cheek a chin for an instant beyond a curtain of fallen hair a white slender arm raised a delicate hand clutching a ramrod and that was all,71,7
15980,201,201,201.02,24.5,Told,1826-01-10,1826-12-31,Pre-Removal (-1830),"<p>General Compson expresses surprise at the way Sutpen tells about the beginnings of the revolt, and his own flight into the planter's house.   [SOURCE: Sutpen, Grandfather, Quentin]</p>",AA1126,Present,Thomas Sutpen,White,Male,Upper Class,Major,Haiti,2328,1348,-1348," Sutpen, Grandfather, Quentin",no more detail and information about that than about,because he was not afraid until after it was all over,no more detail and information about that than about how he got from the field his overseeing into the besieged house when the niggers rushed at him with their machetes than how he got from the rotting cabin in virginia to the fields he oversaw and this grandfather said more incredible to him than the getting there from virginia because that did infer time a space the getting across which did indicate something of leisureliness since time is longer than any distance while the other the getting from the fields into the barricaded house seemed to have occurred with a sort of violent abrogation which must have been almost as short as his telling about it a very condensation of time which was the gauge of its own violence and he telling it in that pleasant faintly forensic anecdotal manner apparently just as he remembered it was impressed by it through detached and impersonal interest and curiosity which even fear that once when he mentioned fear by that same inverse process of speaking of a time when he was not afraid before he became afraid he put it failed to leaven very much,193,7
15988,201,202,201.03,20,Told,1823-01-01,1825-12-31,Pre-Removal (-1830),"<p>The narrative perspective pulls back from the rebellion to describe Haiti itself as a place where ""the sheen on the dollars was not from gold but from blood"" (201-02).   [SOURCE: Sutpen, Grandfather, Quentin]</p>",AA1126,Mentioned,Unnamed Enslaved Haitians,Black,Multi Gender Group,Enslaved Black,Minor,Haiti,2328,1348,-1348," Sutpen, Grandfather, Quentin",because he was not afraid until after it was all over,and he overseeing it riding peacefully about on,because he was not afraid until after it was all over grandfather said because that was all it was to him a spectacle something to be watched because he might not have a chance to see such again since his innocence still functioned and he not only did not know what fear was until afterward he did not even know that at first he was not terrified did not even know that he had found the place where money was to be had quick if you were courageous and shrewd he did not mean shrewdness grandfather said what he meant was unscrupulousness only he didn't know that word because it would not have been in the book from which the school teacher read or maybe that was what he meant by courage grandfather said but where high mortality was concomitant with the money and the sheen on the dollars was not from gold but from blood a spot of earth which might have been created and set aside by heaven itself grandfather said as a theatre for violence and injustice and bloodshed and all the satanic lusts of human greed and cruelty for the last despairing fury of all the pariah interdict and all the doomed a little island set in a smiling and fury lurked and incredible indigo sea which was the halfway point between what we call the jungle and what we call civilization halfway between the dark inscrutable continent from which the black blood the black bones and flesh and thinking and remembering and hopes and desires was ravished by violence and the cold known land to which it was doomed the civilised land and people which had expelled some of its own blood and thinking and desires that had become too crass to be faced and borne longer and set it homeless and desperate on the lonely ocean a little lost island in a latitude which would require ten thousand years of equatorial heritage to bear its climate a soil manured with black blood from two hundred years of oppression and exploitation until it sprang with an incredible paradox of peaceful greenery and crimson flowers and sugar cane sapling size and three times the height of a man and a little bulkier of course but valuable pound for pound almost with silver ore as if nature held a balance and kept a book and offered a recompense for the torn limbs and outraged hearts even if man did not the planting of nature and man too watered not only by the wasted blood but breathed over by the winds in which the doomed ships had fled in vain out of which the last tatter of sail had sunk into the blue sea along which the last vain despairing cry of woman or child had blown away the planting of men too the yet intact bones and brains in which the old unsleeping blood that had vanished into the earth they trod still cried out for vengeance,500,7
15989,202,203,202.01,21,Told,1826-01-01,1826-12-31,Pre-Removal (-1830),"<p>Before the rebellion, Sutpen was ""overseeing"" slavery without seeing it (202).   [SOURCE: Sutpen, Grandfather, Quentin]</p>",AA1126,Present,Thomas Sutpen,White,Male,Upper Class,Major,Haiti,2328,1348,-1348," Sutpen, Grandfather, Quentin",and he overseeing it riding peacefully about on,and he not telling that either how that day happened,and he overseeing it riding peacefully about on his horse while he learned the language that meagre and fragile thread grandfather said by which the little surface corners and edges of men's secret and solitary lives may be joined for an instant now and then before sinking back into the darkness where the spirit cried for the first time and was not heard and will cry for the last time and will not be heard then either not knowing that what he rode upon was a volcano hearing the air tremble and throb at night with the drums and the chanting and not knowing that it was the heart of the earth itself he heard who believed grandfather said that earth was kind and gentle and that darkness was merely something you saw or could not see in overseeing what he oversaw and not knowing that he was overseeing it making his daily expeditions from an armed citadel until the day itself came,163,7
15990,203,203,203.01,22,Told,1826-01-01,1826-12-31,Pre-Removal (-1830),"<p>Although Sutpen does ""not tell"" about ""the steps leading up"" to the rebellion, some of them - especially the voodoo warnings with which the owner and servants were frightened - are described (203).   [SOURCE: Sutpen, Grandfather, Quentin]</p>",AA1126,Present,Mrs. Thomas Sutpen(1),MixedBlackWhite,Female,Upper Class,Secondary,Haiti,2328,1348,-1348," Sutpen, Grandfather, Quentin",and he not telling that either how that day happened,he told grandfather how until that first night,and he not telling that either how that day happened the steps leading up to it because grandfather said he apparently did not know comprehend what he must have been seeing every day because of that innocence a pig's bone with a little rotten flesh still clinging to it a few chicken feathers a stained dirty rag with a few pebbles tied up in it found on the old man's pillow one morning and none knew least of all the planter himself who had been asleep on the pillow how it had come there because they learned at the same time that all the servants the half breeds were missing and he did not know until the planter told him that the stains on the rag were neither dirt nor grease but blood nor that what he took to be the planter's gallic rage was actually fear terror and he just curious and quite interested because he still looked upon the planter and the daughter both,166,7
15991,203,203,203.02,24.7,Told,1826-01-10,1826-12-31,Pre-Removal (-1830),"<p>Sutpen tells Grandfather that it was only on the first night of the revolt that he learned the planter's daughter's ""christian name"" (203); Sutpen also mentions that her mother ""had been a Spaniard"" (203).   [SOURCE: Sutpen, Grandfather, Quentin]</p>",AA1126,Mentioned,Unnamed Mother of Sutpen's First Wife,MixedBlackWhite,Female,Upper Class,Peripheral,Haiti,2328,1348,-1348," Sutpen, Grandfather, Quentin",he told grandfather how until that first night,as foreigners the body of one of the half breeds found,he told grandfather how until that first night of the siege he had not once thought that he did not know the girl's christian name whether he had ever heard it or not he also told grandfather dropped this into the telling as you might flick the joker out of a pack of fresh cards without being able to remember later whether you had removed the joker or not that the old man's wife had been a spaniard and so it was grandfather and not sutpen who realised that until that first night of the attack he had possibly not seen the girl as much as a dozen times,109,7
15992,203,203,203.03,23,Told,1826-01-07,1826-12-31,Pre-Removal (-1830),"<p>Immediately before the revolt, Sutpen finds the murdered body of ""one of the"" planter's servants (203).   [SOURCE: Sutpen, Grandfather, Quentin]</p>",AA1126,Present,Thomas Sutpen,White,Male,Upper Class,Major,Haiti,2328,1348,-1348," Sutpen, Grandfather, Quentin",as foreigners the body of one of the half breeds found,and he sitting on the log grandfather said,as foreigners the body of one of the half breeds found at last he found it hunted for it for two days without even knowing that what he was meeting was a blank wall of black secret faces a wall behind which almost anything could be preparing to happen and as he learned later almost anything was and on the third day found the body where he could not possibly have missed it during the first hour of the first day if it had been there,86,7
15994,203,204,203.04,62,Told,1834-01-01,1855-12-31,Antebellum (1831-1860),"<p>General Compson remembers watching Sutpen ""fight naked chest to chest"" with his ""wild niggers,"" both before his house was finished and after he was married (203).   [SOURCE: Grandfather, Quentin]</p>",AA97,Mentioned,Ellen Coldfield Sutpen,White,Female,Upper Class,Secondary,Sutpen Plantation Stable,817,173,-173," Grandfather, Quentin",and he sitting on the log grandfather said,sitting there and telling grandfather how at last,and he sitting on the log grandfather said telling it making the gestures to tell it with whom grandfather himself had seen fight naked chest to chest with one of his wild niggers by the light of the camp fire while his house was building and who still fought with them by lantern light in the stable after he had got at last that wife who would be adjunctive to the forwarding of that design he had in mind and no bones about the fighting either no handshaking and gratulations while he washed the blood off and donned his shirt because at the end of it the nigger would be flat on his back with his chest heaving and another nigger throwing water on him,125,7
15995,204,204,204.01,24,Told,1826-01-07,1826-12-31,Pre-Removal (-1830),"<p>Sutpen says the way the plantation servant's body looked was something ""a man who pretended to be civilized"" could not talk about (204).   [SOURCE: Sutpen, Grandfather, Quentin]</p>",AA1126,Mentioned,"Unnamed ""Half-Breed"" Servants(2)",MixedBlackWhite,Multi Gender Group,Enslaved Black,Minor,Haiti,2328,1348,-1348," Sutpen, Grandfather, Quentin",sitting there and telling grandfather how at last,then the house the barricade the five of them,sitting there and telling grandfather how at last he found the half breed or what used to be the half breed and that he sutpen had seen as much as most men and had done as much as most including some things which he did not boast about but that there were some things which a man who pretended to be civilised saw when he had to but which he did not talk about so he would only say that he found the half breed at last and so began to comprehend that the situation might become serious,98,7
15996,204,204,204.02,27,Told,1826-01-10,1826-12-31,Pre-Removal (-1830),"<p>Inside the besieged big house, Sutpen and the plantation owner fired their muskets ""at the Haitian night itself"" (204).   [SOURCE: Sutpen, Grandfather, Quentin]</p>",AA1126,Present,Mrs. Thomas Sutpen(1),MixedBlackWhite,Female,Upper Class,Secondary,Haiti,2328,1348,-1348," Sutpen, Grandfather, Quentin",then the house the barricade the five of them,and how on the eighth night the water gave,then the house the barricade the five of them the planter the daughter two women servants and himself shut up in it and the air filled with the smoke and smell of burning cane and the glare and smoke of it on the sky and the air throbbing and trembling with the drums and the chanting the little lost island beneath its down cupped bowl of alternating day and night like a vacuum into which no help could come where not even winds from the outer world came but only the trades the same weary winds blowing back and forth across it and burdened still with the weary voices of murdered women and children homeless and graveless about the isolating and solitary sea while the two servants and the girl whose christian name he did not yet know loaded the muskets which he and the father fired at no enemy but at the haitian night itself lancing their little vain and puny flashes into the brooding and blood weary and throbbing darkness and it the very time of year the season between hurricanes and any hope of rain,188,7
15997,204,204,204.03,30,Told,1826-01-18,1826-12-31,Pre-Removal (-1830),"<p>When the besieged run out of water, Sutpen goes out and ""subdues"" the rebellious slaves; then becomes engaged to marry the planter's daughter (204).   [SOURCE: Sutpen, Grandfather, Quentin]</p>",AA1126,Present,Mrs. Thomas Sutpen(1),MixedBlackWhite,Female,Upper Class,Secondary,Haiti,2328,1348,-1348," Sutpen, Grandfather, Quentin",and how on the eighth night the water gave,and grandfather saying wait wait sure enough,and how on the eighth night the water gave out and something had to be done so he put the musket down and went out and subdued them that was how he told it he went out and subdued them and when he returned he and the girl became engaged to marry,52,7
15998,204,204,204.04,75,Told,1834-06-03,1834-08-31,Antebellum (1831-1860),"<p>Grandfather interrupts Sutpen's story in amazement.   [SOURCE: Grandfather, Quentin]</p>",AA1116,Mentioned,Mrs. Thomas Sutpen(1),MixedBlackWhite,Female,Upper Class,Secondary,Downed Log in Woods,1285,209,-209," Grandfather, Quentin",and grandfather saying wait wait sure enough,not how he did it he didn't tell that,and grandfather saying wait wait sure enough now saying but you didn't even know her you told me that when the siege began you didn't even know her name and he looked at grandfather and said yes but you see it took me some time to recover,47,7
15999,204,205,204.05,31,Told,1826-01-18,1826-12-31,Pre-Removal (-1830),"<p>Sutpen suggests that he subdued the rebellious slaves by standing up to their torture.     [SOURCE: Sutpen, Grandfather, Quentin]</p>",AA1126,Present,Thomas Sutpen,White,Male,Upper Class,Major,Haiti,2328,1348,-1348," Sutpen, Grandfather, Quentin",not how he did it he didn't tell that,he showed grandfather the scars one of which,not how he did it he didn't tell that either that of no moment to the story either he just put the musket down and had someone unbar the door and then bar it behind him and walked out into the darkness and subdued them maybe by yelling louder maybe by standing bearing more than they believed any bones and flesh could or should should yes that would be the terrible thing to find flesh to stand more than flesh should be asked to stand maybe at last they themselves turning in horror and fleeing from the white arms and legs shaped like theirs and from which blood could be made to spurt and flow as it could from theirs and containing an indomitable spirit which should have come from the same primary fire which theirs came from but which could not have could not possibly have,147,7
16000,205,205,205.01,76,Told,1834-06-03,1834-08-31,Antebellum (1831-1860),"<p>Sutpen shows Grandfather the scars from his ordeal in Haiti.   [SOURCE: Grandfather, Quentin]</p>",AA1116,Present,General Compson,White,Male,Upper Class,Secondary,Downed Log in Woods,1285,209,-209," Grandfather, Quentin",he showed grandfather the scars one of which,and then daylight came with no drums in it,he showed grandfather the scars one of which grandfather said came pretty near leaving him that virgin for the rest of his life too,24,7
16001,205,205,205.02,32,Told,1826-01-19,1826-01-31,Pre-Removal (-1830),"<p>The rebellion ends, and Sutpen and ""the girl"" become engaged (205).   [SOURCE: Sutpen, Grandfather, Quentin]</p>",AA1126,Present,Mrs. Thomas Sutpen(1),MixedBlackWhite,Female,Upper Class,Secondary,Haiti,2328,1348,-1348," Sutpen, Grandfather, Quentin",and then daylight came with no drums in it,all right shreve said go on i said he stopped,and then daylight came with no drums in it for the first time in eight days and they emerged probably the man and the daughter and walked across the burned land with the bright sun shining down on it as if nothing had happened walking now in what must have been an incredible desolate solitude and peaceful quiet and found him and brought him to the house and when he recovered he and the girl were engaged then he stopped,80,7
16002,205,206,205.03,542,Narrated,1910-01-13,1910-01-13,Turn of the Century (1890-1913),"<p>Quentin pauses in telling the story, as the point where he says Sutpen also stopped.  [SOURCE: Narrator]</p>",AA289,Mentioned,Mrs. Thomas Sutpen(1),MixedBlackWhite,Female,Upper Class,Secondary,Harvard University,2571,831,-831, Narrator,all right shreve said go on i said he stopped,he just said that he was now engaged to be married,all right shreve said go on i said he stopped quentin said i heard you stopped what how got engaged and then stopped yet still had a wife to repudiate later you said he didn't remember how he got to haiti and then he didn't remember how he got into the house with the niggers surrounding it now are you going to tell me he didn't even remember getting married that he got engaged and then he decided he would stop only one day he found out he hadn't stopped but on the contrary he was married and all you called him was just a virgin he stopped talking telling it quentin said he had not moved talking apparently if to anything to the letter lying on the open book on the table between his hands opposite him shreve had filled the pipe and smoked it out again it lay again overturned a scattering of white ashes fanning out from the bowl onto the table before his crossed naked arms with which he appeared at the same time both to support and hug himself since although it was only eleven oclock the room was beginning to cool toward that point where about midnight there would be only enough heat in the radiators to keep the pipes from freezing though he would not perform his deep breathing in the open window tonight at all he had yet to go to the bedroom and return first with his bathrobe on and next with his overcoat on top of the bathrobe and quentin's overcoat on his arm,264,7
16003,206,206,206.01,77,Told,1834-06-03,1834-08-31,Antebellum (1831-1860),"<p>The passage shifts quickly between the ""flat"" tone in which Sutpen is telling his story to Grandfather and the ""flat tone"" in which Quentin is telling the story to Shreve (206).   [SOURCE: Narrator, Grandfather, Quentin]</p>",AA1116,Mentioned,Mrs. Thomas Sutpen(1),MixedBlackWhite,Female,Upper Class,Secondary,Downed Log in Woods,1285,209,-209," Narrator, Grandfather, Quentin",he just said that he was now engaged to be married,but they didn't it was late afternoon before they,he just said that he was now engaged to be married and then he stopped telling it he just stopped grandfather said flat and final like that like that was all there was all there could be to it all of it that made good listening from one man to another over whiskey at night maybe it was his quentin's face was lowered he spoke still in that curious that almost sullen flat tone which had caused shreve to watch him from the beginning with intent detached speculation and curiosity to watch him still from behind his shreve's expression of cherubic and erudite amazement which the spectacles intensified or perhaps actually created he just got up and looked at the whiskey bottle and said no more tonight we'll get to sleep we want to get an early start tomorrow maybe we can catch him before he limbers up,148,7
16004,206,206,206.02,78,Told,1834-06-04,1834-08-31,Antebellum (1831-1860),"<p>Late in the afternoon the trackers find the runaway architect.  [SOURCE: Grandfather, Quentin]</p>",AA155,Present,General Compson,White,Male,Upper Class,Secondary,Tallahatchie River Bottom,1709,121,-121," Grandfather, Quentin",but they didn't it was late afternoon before they,they never did find it so grandfather gave him,but they didn't it was late afternoon before they caught him the architect i mean and then only because he had hurt his leg trying to architect himself across the river but he made a mistake in the calculation this time so the dogs and the niggers bayed him and the niggers making the racket now grandfather said how maybe the niggers believed that by fleeing the architect had voluntarily surrendered his status as interdict meat had voluntarily offered the gambit by fleeing which the niggers had accepted by chasing him and won by catching him and that now they would be allowed to cook and eat him both victors and vanquished accepting this in the same spirit of sport and sportsmanship and no rancor or hard feelings on either side as they hauled him out all the men who had started the race yesterday had come back except three and the ones that returned had brought others so there were more of them now than when the race started grandfather said hauled him out of his cave under the river bank a little man with one sleeve missing from his frock coat and his flowered vest ruined by water and mud where he had fallen in the river and one pants leg ripped down so they could see where he had tied up his leg with a piece of his shirt tail and the rag bloody and the leg swollen and his hat was completely gone,247,7
16005,206,207,206.03,82,Told,1835-01-01,1835-12-31,Antebellum (1831-1860),"<p>As the architect leaves Yoknapatawpha after Supten's house is built, Grandfather gives him a new hat to replace the one he lost while trying to run away.  [SOURCE: Grandfather, Quentin]</p>",AA1113,Present,General Compson,White,Male,Upper Class,Secondary,General Compson's|Mr. Compson's Office,1320,837,-837," Grandfather, Quentin",they never did find it so grandfather gave him,a little harried wild faced man with a two days stubble,they never did find it so grandfather gave him a new hat the day he left when the house was finished it was in grandfather's office and grandfather said the architect took the new hat and looked at it and burst into tears,43,7
16006,207,207,207.01,79,Told,1834-06-04,1834-08-31,Antebellum (1831-1860),"<p>The re-captured architect makes an impressive speech in French.  [SOURCE: Grandfather, Quentin]</p>",AA155,Present,General Compson,White,Male,Upper Class,Secondary,Tallahatchie River Bottom,1709,121,-121," Grandfather, Quentin",a little harried wild faced man with a two days stubble,quentin ceased at once shreve said all right,a little harried wild faced man with a two days stubble of beard who came out of the cave fighting like a wildcat hurt leg and all with the dogs barking and the niggers whooping and hollering with deadly and merry anticipation like they were under the impression that since the race had lasted more than twenty four hours the rules would be automatically abrogated and they would not have to wait to cook him until sutpen waded in with a short stick and beat niggers and dogs all away leaving the architect standing there not scared worth a damn either just panting a little and grandfather said a little sick in the face where the niggers had mishandled his leg in the heat of the capture and making them a speech in french a long one and so fast that grandfather said probably another frenchman could not have understood all of it but it sounded fine grandfather said even he all of them could tell that the architect was not apologising it was fine grandfather said and he said how sutpen turned toward him but he grandfather was already approaching the architect holding out the bottle of whiskey already uncorked and grandfather saw the eyes in the gaunt face the eyes desperate and hopeless but indomitable too invincible too not beaten yet by a damn sight grandfather said and all that fifty odd hours of dark and swamp and sleeplessness and fatigue and no grub and nowhere to go and no hope of getting there just a will to endure and a foreknowing of defeat but not beat yet by a damn sight and he took the bottle in one of his little dirty coon like hands and raised the other hand and even fumbled about his head for a second before he remembered that the hat was gone then flung the hand up in a gesture that grandfather said you simply could not describe that seemed to gather all misfortune and defeat that the human race ever suffered into a little pinch in his fingers like dust and fling it backward over his head and raised the bottle and bowed first to grandfather then to all the other men sitting their horses in a circle and looking at him and then he took not only the first drink of neat whiskey he ever took in his life but the drink of it that he could no more have conceived himself taking than the brahmin can believe that that situation can conceivably arise in which he will eat dog,430,7
16007,208,208,208.01,543,Narrated,1910-01-13,1910-01-13,Turn of the Century (1890-1913),"<p>When Quentin pauses, the narrator uses the occasion to describe Quentin and Shreve as college students from two different ends of the Mississippi River.  [SOURCE: Narrator]</p>",AA289,Mentioned,Thomas Sutpen,White,Male,Upper Class,Major,Harvard University,2571,831,-831, Narrator,quentin ceased at once shreve said all right,it was thirty years before he told grandfather,quentin ceased at once shreve said all right dont bother to say he stopped now just go on but quentin did not continue at once the flat curiously dead voice the downcast face the relaxed body not stirring except to breathe the two of them not moving except to breathe both young both born within the same year the one in alberta the other in mississippi born half a continent apart yet joined connected after a fashion in a sort of geographical transubstantiation by that continental trough that river which runs not only through the physical land of which it is the geologic umbilical not only runs through the spiritual lives of the beings within its scope but is very environment itself which laughs at degrees of latitude and temperature though some of these beings like shreve have never seen it the two of them who four months ago had never laid eyes on one another yet who since had slept in the same room and eaten side by side of the same food and used the same books from which to prepare to recite in the same freshman courses facing one another across the lamplit table on which lay the fragile pandora's box of scrawled paper which had filled with violent and unratiocinative djinns and demons this snug monastic coign this dreamy and heatless alcove of what we call the best of thought just dont bother shreve said just get on with it that would take thirty years quentin said,251,7
16008,208,208,208.02,80,Told,1834-09-01,1845-12-31,Antebellum (1831-1860),"<p>Quentin sums up Sutpen's progress between the two times he told his story to Grandfather.  He mentions the ""design,"" the wrestling with slaves, marrying and having children (including Clytemnestra), and starting his cotton plantation with seed Grandfather ""loaned him"" (208).  [SOURCE: Grandfather, Quentin]</p>",AA17,Present,Clytemnestra,MixedBlackWhite,Female,Enslaved Black,Secondary,Sutpen Plantation,785,193,-193," Grandfather, Quentin",it was thirty years before he told grandfather,yes shreve said mr coldfield what was that,it was thirty years before he told grandfather any more of it maybe he was too busy all his time for spare talking taken up with furthering that design which he had in mind and his only relaxation fighting his wild niggers in the stable where the men could hitch their horses and come up from the back and not be seen from the house because he was already married now his house finished and he already arrested for stealing it and freed again so that was all settled with a wife and two children no three in it and his land cleared and planted with the seed grandfather loaned him and him getting rich good and steady now,119,7
16009,208,209,208.03,85,Told,1836-01-01,1838-12-31,Antebellum (1831-1860),"<p>In response to a question from Shreve, Quentin gives some account of the dubious business transaction that Sutpen and Coldfield undertook.  [SOURCE: Father, Quentin]</p>",AA1110,Mentioned,Mr. Compson,White,Male,Upper Class,Major,Coldfield's Store,1261,805,-805," Father, Quentin",yes shreve said mr coldfield what was that,hated that country so much that he was even,yes shreve said mr coldfield what was that i dont know quentin said nobody ever did know for certain it was something about a bill of lading some way he persuaded mr coldfield to use his credit one of those things that when they work you were smart and when they dont you change your name and move to texas and father said how mr coldfield must have sat back there in his little store and watched his wagonload of stock double maybe every ten years or at least not lose any ground and seen the chance to do that very same thing all the time only his conscience not his courage father said he had plenty of that wouldn't let him then sutpen came along and offered to do it he and mr coldfield to divide the loot if it worked and he sutpen to take all the blame if it didn't and mr coldfield let him father said it was because mr coldfield did not believe it would work that they would get away with it only he couldn't quit thinking about it and so when they tried it and it failed he mr coldfield would be able to get it out of his mind then and that when it did fail and they were caught mr coldfield would insist on taking his share of the blame as penance and expiation for having sinned in his mind all those years because mr coldfield never did believe it would work so when he saw that it was going to work had worked the least thing he could do was to refuse to take his share of the profits that when he saw that it had worked it was his conscience he hated not sutpen his conscience and the land the country which had created his conscience and then offered the opportunity to have made all that money to the conscience which it had created which could do nothing but decline,331,7
16010,209,209,209.01,157,Told,1859-01-01,1861-12-31,Civil War (1861-1865),"<p>According to Father's account, Mr. Coldfield hated the South because of his own seduction by its climate of ""opportunism and moral brigandage"" (209).  [SOURCE: Father, Quentin]</p>",AA10,Mentioned,Mr. Compson,White,Male,Upper Class,Major,Coldfield House,1267,851,-851," Father, Quentin",hated that country so much that he was even,sure shreve said that's fine but sutpen the design,hated that country so much that he was even glad when he saw it drifting closer and closer to a doomed and fatal war that he would have joined the yankee army father said only he was not a soldier and knew that he would either be killed or die of hardship and so not be present on that day when the south would realise that it was now paying the price for having erected its economic edifice not on the rock of stern morality but on the shifting sands of opportunism and moral brigandage so he chose the only gesture he could think of to impress his disapproval on those who should outlive the fighting and so participate in the remorse,122,7
16011,209,210,209.02,84,Told,1835-01-01,1845-12-31,Antebellum (1831-1860),"<p>At Shreve's urging, Quentin resumes the story of how Sutpen pursued his ""design,"" mentioning for the first time the role that another ""little boy without any shoes on"" plays in the scheme (209-10).  [SOURCE: Grandfather, Quentin]</p>",AA17,Mentioned,Pettibone,White,Male,Upper Class,Peripheral,Sutpen Plantation,785,193,-193," Grandfather, Quentin",sure shreve said that's fine but sutpen the design,only father said that that wasn't it now,sure shreve said that's fine but sutpen the design get on now yes quentin said the design getting richer and richer it must have looked fine and clear ahead for him now house finished and even bigger and whiter than the one he had gone to the door of that day and the nigger came in his monkey clothes and told him to go to the back and he with his own brand of niggers even which the man who lay in the hammock with his shoes off didn't have to cull one from and train him to go to the door when his turn came for a little boy without any shoes on and with his pap's cutdown pants for clothes to come and knock on it,128,7
16012,210,210,210.01,334.2,Told,1864-11-01,1864-11-30,Civil War (1861-1865),"<p>Father explains what Sutpen meant by talking to Grandfather about ""the boy-symbol at the door"" (210).  [SOURCE: Grandfather, Father, Quentin]</p>",AA1113,Mentioned,Mr. Compson,White,Male,Upper Class,Major,General Compson's|Mr. Compson's Office,1320,837,-837," Grandfather, Father, Quentin",only father said that that wasn't it now,dont say it's just me that sounds like your,only father said that that wasn't it now that when he came to grandfather's office that day after the thirty years and not trying to excuse now anymore than he had tried in the bottom that night when they ran the architect but just to explain now trying hard to explain now because now he was old and knew it knew it was being old that he had to talk against time shortening ahead of him that could and would do things to his chances and possibilities even if he had no more doubt of his bones and flesh than he did of his will and courage telling grandfather that the boy symbol at the door wasn't it because the boy symbol was just the figment of the amazed and desperate child that now he would take that boy in where he would never again need to stand on the outside of a white door and knock at it and not at all for mere shelter but so that that boy that whatever nameless stranger could shut that door himself forever behind him on all that he had ever known and look ahead along the still undivulged light rays in which his descendants who might not even ever hear his the boy's name waited to be born without even having to know that they had once been riven forever free from brutehood just as his own sutpen's children were,239,7
16013,210,210,210.02,544,Narrated+Consciousness,1910-01-13,1910-01-13,Turn of the Century (1890-1913),"<p>Shreve notes that Quentin also ""sounds like"" Mr. Compson as he tells the story, leading Quentin to wonder how people are connected and whether anything ""ever happens once and is finished"" (210).  [SOURCE: Narrator, Quentin]</p>",AA289,Mentioned,Mr. Compson,White,Male,Upper Class,Major,Harvard University,2571,831,-831," Narrator, Quentin",dont say it's just me that sounds like your,yes the two children the son and the daughter,dont say it's just me that sounds like your old man shreve said but go on sutpen's children go on yes quentin said the two children thinking yes maybe we are both father maybe nothing ever happens once and is finished maybe happen is never once but like ripples maybe on water after the pebble sinks the ripples moving on spreading the pool attached by a narrow umbilical water cord to the next pool which the first pool feeds has fed did feed let this second pool contain a different temperature of water a different molecularity of having seen felt remembered reflect in a different tone the infinite unchanging sky it doesn't matter that pebble's watery echo whose fall it did not even see moves across its surface too at the original ripple space to the old ineradicable rhythm thinking yes we are both father or maybe father and i are both shreve maybe it took father and me both to make shreve or shreve and me both to make father or maybe thomas sutpen to make all of us,180,7
16014,210,211,210.03,113,Told,1839-01-01,1841-12-31,Antebellum (1831-1860),"<p>Judith and Henry seem ""by sex and age"" perfectly suited to fulfill Sutpen's ""design"" (211).  [SOURCE: Grandfather, Quentin]</p>",AA17,Present,Henry Sutpen,White,Male,Upper Class,Major,Sutpen Plantation,785,193,-193," Grandfather, Quentin",yes the two children the son and the daughter,like he chose his twenty niggers out of whatever,yes the two children the son and the daughter by sex and age so glib to the design that he might have planned that too by character mental and physical so glib to it that he might have culled them out of the celestial herd of seraphs and cherubim,49,7
16015,211,211,211.01,38,Told,1831-01-01,1831-12-31,Antebellum (1831-1860),"<p>Sutpen ""repudiates"" his ""first wife and child,"" choosing the twenty slaves he brought to Yoknapatawpha as his divorce settlement (211).  [SOURCE: Grandfather, Quentin]</p>",AA1126,Present,Charles Bon,MixedBlackWhite,Male,Upper Class,Major,Haiti,2328,1348,-1348," Grandfather, Quentin",like he chose his twenty niggers out of whatever,and grandfather said there was no conscience,like he chose his twenty niggers out of whatever swapping there must have been when he repudiated that first wife and that child when he discovered that they would not be adjunctive to the forwarding of the design,38,7
16016,211,212,211.02,335,Told,1864-11-01,1864-12-31,Civil War (1861-1865),"<p>Talking with Grandfather, Sutpen tries to explain the (amoral) logic with which he came to terms with his decision to repudiate his wife and child.  [SOURCE: Grandfather, Quentin]</p>",AA1113,Mentioned,Goodhue Coldfield,White,Male,Middle Class,Secondary,General Compson's|Mr. Compson's Office,1320,837,-837," Grandfather, Quentin",and grandfather said there was no conscience,suffice that i had the wife accepted her in,and grandfather said there was no conscience about that that sutpen sat in the office that afternoon after thirty years and told him how his conscience had bothered him somewhat at first but that he had argued calmly and logically with his conscience until it was settled just as he must have argued with his conscience about his and mr coldfield's bill of lading only probably not as long here since time here would be pressing until that was settled how he granted that by certain lights there was injustice in what he did but that he had obviated that as much as lay in his power by being above board in the matter that he could have simply deserted her could have taken his hat and walked out but he did not and that he had what grandfather would have to admit was a good and valid claim if not to the whole place which he alone had saved as well as the lives of all the white people on it at least to that portion of it which had been specifically described and deeded to him in the marriage settlement which he had entered in good faith with no reservations as to his obscure origin and material equipment while there had been not only reservation but actual misrepresentation on their part and misrepresentation of such a crass nature as to have not only voided and frustrated without his knowing it the central motivation of his entire design but would have made an ironic delusion of all that he had suffered and endured in the past and all that he could ever accomplish in the future toward that design which claim he had voluntarily relinquished taking only the twenty niggers out of all he might have claimed and which many another man in his place would have insisted upon keeping and in which contention would have been supported by both legal and moral sanction even if not the delicate one of conscience and grandfather not saying wait wait now because it was that innocence again that innocence which believed that the ingredients of morality were like the ingredients of pie or cake and once you had measured them and balanced them and mixed them and put them into the oven it was all finished and nothing but pie or cake could come out yes sitting there in grandfather's office trying to explain with that patient amazed recapitulation not to grandfather and not to himself because grandfather said that his very calmness was indication that he had long since given up any hope of ever understanding it but trying to explain to circumstance to fate itself the logical steps by which he had arrived at a result absolutely and forever incredible repeating the clear and simple synopsis of his history which he and grandfather both now knew as if he were trying to explain it to an intractable and unpredictable child you see i had a design in my mind whether it was a good or a bad design is beside the point the question is where did i make the mistake in it what did i do or misdo in it whom or what injure by it to the extent which this would indicate i had a design to accomplish it i should require money a house a plantation slaves a family incidentally of course a wife i set out to acquire these asking no favor of any man i even risked my life at one time as i told you though as i also told you i did not undertake this risk purely and simply to gain a wife though it did have that result but that is beside the point also,624,7
16017,212,212,212.01,33,Told,1827-01-01,1827-12-31,Pre-Removal (-1830),"<p>Sutpen describes the circumstances of his marriage in Haiti, and mentions the deception that was practiced upon his ""good faith"" (212).  [SOURCE: Sutpen, Grandfather, Quentin]</p>",AA1126,Present,Mrs. Thomas Sutpen(1),MixedBlackWhite,Female,Upper Class,Secondary,Haiti,2328,1348,-1348," Sutpen, Grandfather, Quentin",suffice that i had the wife accepted her in,a fact which i did not learn until after,suffice that i had the wife accepted her in good faith with no reservations about myself and i expected as much from them i did not even demand mind as one of my obscure origin might have been expected to do or at least be condoned in the doing out of ignorance of gentility in dealing with gentleborn people i did not demand i accepted them at their own valuation while insisting on my own part upon explaining fully about myself and my progenitors yet they deliberately withheld from me the one fact which i have reason to know they were aware would have caused me to decline the entire matter otherwise they would not have withheld it from me,120,7
16018,212,213,212.02,35,Told,1831-01-01,1831-12-31,Antebellum (1831-1860),"<p>Sutpen makes a discovery ""after my son was born"" that causes him to repudiate the son and his mother (212); he claims he made sufficient provision to ""repair whatever injustice I might be considered"" to have committed (213).  [SOURCE: Sutpen, Grandfather, Quentin]</p>",AA1126,Present,Charles Bon,MixedBlackWhite,Male,Upper Class,Major,Haiti,2328,1348,-1348," Sutpen, Grandfather, Quentin",a fact which i did not learn until after,and yet after more than thirty years more than,a fact which i did not learn until after my son was born and even then i did not act hastily i could have reminded them of these wasted years these years which would now leave me behind with my schedule not only the amount of elapsed time which their number represented but that compensatory amount of time represented by their number which i should now have to spend to advance myself once more to the point i had reached and lost but i did not i merely explained how this new fact rendered it impossible that this woman and child be incorporated in my design and following which as i told you i made no attempt to keep not only that which i might consider myself to have earned at the risk of my life but which had been given to me by signed testimonials but on the contrary i declined and resigned all right and claim to this in order that i might repair whatever injustice i might be considered to have done by so providing for the two persons whom i might be considered to have deprived of anything i might later possess and this was agreed to mind agreed to between the two parties,208,7
16019,213,213,213.01,336,Told,1864-11-01,1864-11-30,Civil War (1861-1865),"<p>Grandfather expresses his astonishment at Sutpen's naivete about ""females"" (213).  [SOURCE: Grandfather, Quentin]</p>",AA1113,Mentioned,Mrs. Thomas Sutpen(1),MixedBlackWhite,Female,Upper Class,Secondary,General Compson's|Mr. Compson's Office,1320,837,-837," Grandfather, Quentin",and yet after more than thirty years more than,it was at this point that shreve went to,and yet after more than thirty years more than thirty years after my conscience had finally assured me that if i had done an injustice i had done what i could to rectify it and grandfather not saying wait now but saying hollering maybe even conscience conscience good god man what else did you expect didn't the very affinity and instinct for misfortune of a man who had spent that much time in a monastery even let alone one who had lived that many years as you lived them tell you better than that didn't the dread and fear of females which you must have drawn in with the primary mammalian milk teach you better what kind of abysmal and purblind innocence could that have been which someone told you to call virginity what conscience to trade with which would have warranted you in the belief that you could have bought immunity from her for no other coin but justice,160,7
16020,213,213,213.02,545,Narrated,1910-01-13,1910-01-13,Turn of the Century (1890-1913),<p>Shreve leaves the room and returns wearing his robe.  [SOURCE: Narrator]</p>,AA289,Present,Quentin Compson,White,Male,Upper Class,Major,Harvard University,2571,831,-831, Narrator,it was at this point that shreve went to,all right he said so that christmas henry,it was at this point that shreve went to the bedroom and put on the bathrobe he did not say wait he just rose and left quentin sitting before the table the open book and the letter and went out and returned in the robe and sat again and took up the cold pipe though without filling it anew or lighting it as it was,65,7
16021,213,213,213.03,183,Told,1859-12-25,1859-12-25,Antebellum (1831-1860),<p>Shreve mentions the Christmas that Henry brought Sutpen's repudiated son to the plantation.  [SOURCE: Shreve]</p>,AA17,Present,Charles Bon,MixedBlackWhite,Male,Upper Class,Major,Sutpen Plantation,785,193,-193, Shreve,all right he said so that christmas henry,yes quentin said father said he probably named him,all right he said so that christmas henry brought him home into the house and the demon looked up and saw the face he believed he had paid off and discharged twenty eight years ago go on,37,7
16022,213,214,213.04,37,Told,1831-01-01,1831-12-31,Antebellum (1831-1860),"<p>Mr. Compson suggests how and why Sutpen named his first son ""Charles Bon"" (213).  [SOURCE: Father, Grandfather, Quentin]</p>",AA1126,Mentioned,General Compson,White,Male,Upper Class,Secondary,Haiti,2328,1348,-1348," Father, Grandfather, Quentin",yes quentin said father said he probably named him,just as he named them all the charles goods,yes quentin said father said he probably named him himself charles bon charles good he didn't tell grandfather that he did but grandfather believed he did would have that would have been a part of the cleaning up just as he would have done his share toward cleaning up the exploded caps and musket cartridges after the siege if he hadn't been sick or maybe engaged he would have insisted on it maybe the conscience again which could not allow her and the child any place in the design even though he could have closed his eyes and if not fooled the rest of the world as they had fooled him at least have frightened any man out of speaking the secret aloud the same conscience which would not permit the child since it was a boy to bear either his name or that of its maternal grandfather yet which would also forbid him to do the customary and provide a quick husband for the discarded woman and so give his son an authentic name he chose the name himself grandfather believed,182,7
16023,214,214,214.01,38,Told,1831-01-01,1841-12-31,Antebellum (1831-1860),"<p>Sutpen named all his children.    [SOURCE: Father, Quentin]</p>",AA17,Present,Charles Bon,MixedBlackWhite,Male,Upper Class,Major,Sutpen Plantation,785,193,-193," Father, Quentin",just as he named them all the charles goods,your father shreve said he seems to have,just as he named them all the charles goods and the clytemnestras and henry and judith and all of them that entire fecundity of dragons teeth as father called it and father said,33,7
16024,214,214,214.02,546,Narrated,1910-01-13,1910-01-13,Turn of the Century (1890-1913),"<p>Shreve expresses surprise at what Mr. Compson seems to have learned since he told Sutpen's story earlier; in response, Quentin suggests he himself was the source of this new knowledge, after making the trip out to Sutpen's with Rosa.  [SOURCE: Narrator]</p>",AA289,Mentioned,Charles Bon,MixedBlackWhite,Male,Upper Class,Major,Harvard University,2571,831,-831, Narrator,your father shreve said he seems to have,said how he must have stood there on the,your father shreve said he seems to have got an awful lot of delayed information awful quick after having waited forty five years if he knew all this what was his reason for telling you that the trouble between henry and bon was the octoroon woman he didn't know it then grandfather didn't tell him all of it either like sutpen never told grandfather quite all of it then who did tell him i did quentin did not move did not look up while shreve watched him the day after we after that night when we oh shreve said after you and the old aunt i see go on and father said,112,7
16025,214,215,214.03,184,Told,1859-12-25,1859-12-25,Antebellum (1831-1860),"<p>Sutpen recognizes that Henry's friend is his repudiated son, and in that moment feels his design be destroyed.  [SOURCE: Father, Quentin]</p>",AA17,Mentioned,Judith Sutpen,White,Female,Upper Class,Major,Sutpen Plantation,785,193,-193," Father, Quentin",said how he must have stood there on the,and which he came to grandfather not to,said how he must have stood there on the front gallery that afternoon and waited for henry and the friend henry had been writing home about all fall to come up the drive and that maybe after henry wrote the name in the first letter sutpen probably told himself it couldn't be that there was a limit even to irony beyond which it became either just vicious but not fatal horseplay or harmless coincidence since father said that even sutpen probably knew that nobody yet ever invented a name that somebody didn't own now or hadn't owned once and they rode up at last and henry said father this is charles and he the demon shreve said saw the face and knew that there are situations where coincidence is no more than the little child that rushes out onto a football field to take part in the game and the players run over and around the unscathed head and go on and shock together and in the fury of the struggle for the facts called gain or loss nobody even remembers the child nor saw who came and snatched it back from dissolution that he stood there at his own door just as he had imagined planned designed and sure enough and after fifty years the forlorn nameless and homeless lost child came to knock at it and no monkey dressed nigger anywhere under the sun to come to the door and order the child away and father said that even then even though he knew that bon and judith had never laid eyes on one another he must have felt and heard the design house position posterity and all come down like it had been built out of smoke making no sound creating no rush of displaced air and not even leaving any debris and he not calling it retribution no sins of the father come home to roost not even calling it bad luck but just a mistake that mistake which he could not discover himself,338,7
16026,215,215,215.01,335.5,Told,1864-11-01,1864-12-25,Civil War (1861-1865),"<p>Sutpen comes to Grandfather to try to find out where he made his ""mistake"" (215).  [SOURCE: Grandfather, Quentin]</p>",AA1113,Present,General Compson,White,Male,Upper Class,Secondary,General Compson's|Mr. Compson's Office,1320,837,-837," Grandfather, Quentin",and which he came to grandfather not to,because he did not give up he never did,and which he came to grandfather not to excuse but just to review the facts for an impartial and grandfather said he believed a legally trained mind to examine and find and point out to him not moral retribution you see just an old mistake in fact which a man of courage and shrewdness the one of which he now knew he possessed the other of which he believed that he had now learned acquired could still combat if he could only find out what the mistake had been,89,7
16027,215,215,215.02,185,Told,1859-12-25,1860-01-07,Antebellum (1831-1860),"<p>Even after experiencing the loss of his design, Sutpen does not give it up; on the other hand, he takes no action during the two weeks that Bon stays at Sutpen's Hundred.  [SOURCE: Father, Grandfather, Quentin]</p>",AA17,Present,Charles Bon,MixedBlackWhite,Male,Upper Class,Major,Sutpen Plantation,785,193,-193," Father, Grandfather, Quentin",because he did not give up he never did,then henry and bon went back to school and,because he did not give up he never did give up grandfather said that his subsequent actions the fact that for a time he did nothing and so perhaps helped to bring about the very situation which he dreaded were not the result of any failing of courage or shrewdness or ruthlessness but were the result of his conviction that it had all come from a mistake and until he discovered what that mistake had been he did not intend to risk making another one so he invited bon into the house and for the two weeks of the vacation only it didn't take that long father said that probably mrs sutpen had judith and bon already engaged from the moment she saw bon's name in henry's first letter he watched bon and henry and judith or watched bon and judith rather because he would have already known about henry and bon from henry's letters about him from the school watched them for two weeks and did nothing,168,7
16028,215,216,215.03,202.5,Told,1860-01-05,1860-05-31,Antebellum (1831-1860),"<p>Back at college, Bon writes letters to Judith while Sutpen ""does nothing"" (216).    [SOURCE: Father, Quentin]</p>",AA17,Mentioned,Charles Bon,MixedBlackWhite,Male,Upper Class,Major,Sutpen Plantation,785,193,-193," Father, Quentin",then henry and bon went back to school and,he didn't do anything at all until spring,then henry and bon went back to school and now the nigger groom that fetched the mail back and forth each week between oxford and sutpen's hundred brought letters to judith now that were not in henry's hand and that not necessary either father said because mrs sutpen was already covering the town and county both with news of that engagement that father said didn't exist yet and still he did nothing,72,7
16029,216,216,216.01,212,Told,1860-05-15,1860-06-10,Antebellum (1831-1860),"<p>Sutpen goes to New Orleans.  It is not known if he hoped to - or did - see his first wife or Bon while he was there.  [SOURCE: Father, Quentin]</p>",AA146,Mentioned,Charles Bon,MixedBlackWhite,Male,Upper Class,Major,"New Orleans, Louisiana",2327,556,-556," Father, Quentin",he didn't do anything at all until spring,and the next christmas came and henry and bon,he didn't do anything at all until spring was almost over and henry wrote that he was bringing bon home with him to stay a day or two before bon went home then sutpen went to new orleans whether he chose that time to go in order to get bon and his mother together and thrash the business out for good and all or not nobody knows just as nobody knows whether he ever saw the mother or not while he was there if she received him or refused to receive him or if she did and he tried once more to come to terms with her buy her off maybe with money now since father said that a man who could believe that a scorned and outraged and angry woman could be bought off with formal logic would believe that she could be placated with money too and it didn't work or if bon was there and it was bon himself who refused the offer though nobody ever did know if bon ever knew sutpen was his father or not whether he was trying to revenge his mother or not at first and only later fell in love only later succumbed to the current of retribution and fatality which miss rosa said sutpen had started and had doomed all his blood to black and white both but it didn't work evidently,232,7
16030,216,217,216.02,261,Told,1860-12-24,1860-12-24,Antebellum (1831-1860),"<p>Bon returns with Henry and on Christmas Eve, ""just before supper time,"" Sutpen confronts Henry and Henry gives his father ""the lie"" and leaves home.  [SOURCE: Father, Quentin]</p>",AA17,Present,Charles Bon,MixedBlackWhite,Male,Upper Class,Major,Sutpen Plantation,785,193,-193," Father, Quentin",and the next christmas came and henry and bon,then it was 61 and sutpen knew what they,and the next christmas came and henry and bon came to sutpen's hundred again and now sutpen saw that there was no help for it that judith was in love with bon and whether bon wanted revenge or was just caught and sunk and doomed too it was all the same so it seems that he sent for henry that christmas eve just before supper time father said that maybe by now after his new orleans trip he had learned at last enough about women to know it wouldn't do any good to go to judith first and told henry and he knew what henry would say and henry said it and he took the lie from his son and henry knew by his father taking the lie that what his father had told him was true and father said that he sutpen probably knew what henry would do too and counted on henry doing it because he still believed that it had been only a minor tactical mistake and so he was like a skirmisher who is outnumbered yet cannot retreat who believes that if he is just patient enough and clever enough and calm enough and alert enough he can get the enemy scattered and pick them off one by one and henry did it and he sutpen probably knew what henry would do next too that henry too would go to new orleans to find out for himself,241,7
16031,217,217,217.01,290,Told,1861-01-01,1864-11-30,Civil War (1861-1865),"<p>A short passage that sums up the four years of Civil War during which: Sutpen apparently keeps track of Bon and Henry, Henry puts the wedding on hold and Bon (and Judith) on a kind of probation, both General Compson and Bon are wounded at the battle of ""Pittsburg Landing"" (Henry saves Bon on the battlefield), and Sutpen brings home the tombstones in 1864 (217).  [SOURCE: Grandfather, Quentin]</p>",AA1295,Mentioned,Judith Sutpen,White,Female,Upper Class,Major,"Shiloh, Tennessee",2375,260,-260," Grandfather, Quentin",then it was 61 and sutpen knew what they,that was the day he came to the office,then it was 61 and sutpen knew what they would do now not only what henry would do but what he would force bon to do maybe being a demon though it would not require a demon to foresee war now he even foresaw that henry and bon would join that student company at the university he may have had some way of watching knowing the day their names appeared on the roster some way of knowing where the company was even before grandfather became colonel of the regiment the company was in until he got hurt at pittsburg landing where bon was wounded and came home to get used to not having any right arm and sutpen came home in 64 with the two tombstones and talked to grandfather in the office that day before both of them went back to the war knew all the time where henry and bon were that they had been all the time in grandfather's regiment where grandfather could look after them in a fashion even if grandfather didn't know that he was doing it even if they needed watching because sutpen must have known about the probation too what henry was doing now holding all three of them himself and judith and bon in that suspension while he wrestled with his conscience to make it come to terms with what he wanted to do just like his father had that time more than thirty years ago maybe even turned fatalist like bon now and giving the war a chance to settle the whole business by killing him or bon or both of them but with no help no fudging on his part because it was him that carried bon to the rear after pittsburg landing or maybe he knew that the south would be whipped and then there wouldn't be anything left that mattered that much worth getting that heated over worth protesting against or suffering for or dying for or even living for,332,7
16032,217,218,217.02,333.2,Told,1864-11-01,1864-11-30,Civil War (1861-1865),"<p>Sutpen brings the tombstones home from the war, and talks with Judith about her intentions toward Bon.  [SOURCE: Grandfather, Quentin]</p>",AA17,Mentioned,Charles Bon,MixedBlackWhite,Male,Upper Class,Major,Sutpen Plantation,785,193,-193," Grandfather, Quentin",that was the day he came to the office,and came in to see grandfather trying to explain,that was the day he came to the office his the demon's shreve said one day of leave at home came home with his tombstones and judith was there and i reckon he looked at her and she looked at him and he said you know where he is and judith didn't lie to him and he knew henry he said but you have not heard from him yet and judith didn't lie about that either and she didn't cry either because both of them knew what would be in the letter when it came so he didn't have to ask when he writes you that he is coming you and clytie will start making the wedding dress even if judith would have lied to him about that which she would not have so he put one of the stones on ellen's grave and set the other one up in the hall,152,7
16033,218,220,218.01,333.3,Told,1864-11-01,1864-11-30,Civil War (1861-1865),"<p>In General Compson's office, on his short time away from war, Sutpen tries to explain or understand how his design failed, and decide what he should do now, whether to play his ""last trump card"" to prevent the marriage or allow it and betray everything he sought to achieve for ""that little boy who approached that door fifty years ago and was turned away"" (220).  [SOURCE: Grandfather, Quentin]</p>",AA1113,Present,General Compson,White,Male,Upper Class,Secondary,General Compson's|Mr. Compson's Office,1320,837,-837," Grandfather, Quentin",and came in to see grandfather trying to explain,your old man shreve said when your grandfather,and came in to see grandfather trying to explain it seeing if grandfather could discover that mistake which he believed was the sole cause of his problem sitting there in his worn and shabby uniform with his worn gauntlets and faded sash and he would have had the plume by all means he might have had to discard his sabre but he would have had the plume the plume in his hat broken and frayed and soiled with his horse saddled and waiting in the street below and a thousand miles to ride to find his regiment yet he sitting there on the one afternoon of his leave as though he had a thousand of them as if there were no haste nor urgency anywhere under the sun and that when he departed he had no further to go than the twelve miles out to sutpen's hundred and a thousand days or maybe even years of monotony and rich peace and he even after he would become dead still there still watching the fine grandsons and great grandsons springing as far as eye could reach he still even though dead in the earth that same fine figure of a man that wash jones called him but not now now fogbound by his own private embattlement of personal morality that picayune splitting of abstract hairs while grandfather said rome vanished and jericho crumbled that this would be right if or that would be wrong but of slowing blood and stiffening bones and arteries that father says men resort to in senility who while young and supple and strong reacted to a single simple yes and a single simple no as instantaneous and complete and unthinking as the snapping on and off of electricity sitting there and talking and now grandfather not knowing what he was talking about because now grandfather said he did not believe that sutpen himself knew because even yet sutpen had not quite told him all of it and this that morality again grandfather said that morality which would not permit him to malign or traduce the memory of his first wife or at least the memory of the marriage even though he felt that he had been tricked by it not even to an acquaintance in whose confidence and discretion he trusted enough to wish to justify himself not even to his son by another marriage in order to preserve the status of his life's attainment and desire except as a last resort not that he would hesitate then grandfather said but not until then he had been tricked by it himself but he had extricated himself without asking or receiving help from any man let anyone else who might be so imposed upon do the same sitting there and moralising on the fact that no matter which course he chose the result would be that that design and plan to which he had given fifty years of his life had just as well never have existed at all by almost exactly fifty years and grandfather not knowing what choice he was talking about even what second choice he was faced with until the very last word he spoke before he got up and put on his hat and shook grandfather's left hand and rode away this second choice need to choose as obscure to grandfather as the reason for the first the repudiation had been so that grandfather did not even say i dont know which you should choose not because that was all he could have said and so to say that would be less than no answer at all but that anything he might have said would have been less than no answer at all since sutpen was not listening did not expect an answer who had not come for pity and there was no advice that he could have taken and justification he had already coerced from his conscience thirty years ago and he still knew that he had courage and though he may have come to doubt lately that he had acquired that shrewdness which at one time he believed he had he still believed that it existed somewhere in the world to be learned and that if it could be learned he would yet learn it and maybe even this grandfather said if shrewdness could not extricate him this second time as it had before he could at least depend on the courage to find him will and strength to make a third start toward that design as it had found him to make the second with who came into the office not for pity and not for help because grandfather said he had never learned how to ask anybody for help or anything else and so he would not have known what to do with the help if grandfather could have given it to him but came just with that sober and quiet bemusement hoping maybe if he hoped at all if he were doing anything but just thinking out loud at all that the legal mind might perceive and clarify that initial mistake which he still insisted on which he himself had not been able to find i was faced with condoning a fact which had been foisted upon me without my knowledge during the process of building toward my design which meant the absolute and irrevocable negation of the design or in holding to my original plan for the design in pursuit of which i had incurred this negation i chose and i made to the fullest what atonement lay in my power for whatever injury i might have done in choosing paying even more for the privilege of choosing as i chose than i might have been expected to or even by law required yet i am now faced with a second necessity to choose the curious factor of which is not as you pointed out and as first appeared to me that the necessity for a new choice should have arisen but that either choice which i might make either course which i might choose leads to the same result either i destroy my design with my own hand which will happen if i am forced to play my last trump card or do nothing let matters take the course which i know they will take and see my design complete itself quite normally and naturally and successfully to the public eye yet to my own in such fashion as to be a mockery and a betrayal of that little boy who approached that door fifty years ago and was turned away for whose vindication the whole plan was conceived and carried forward to the moment of this choice this second choice devolving out of that first one which in its turn was forced on me as the result of an agreement an arrangement which i had entered in good faith concealing nothing while the other party or parties to it concealed from me the one very factor which would destroy the entire plan and design which i had been working toward concealed it so well that it was not until after the child was born that i discovered that this factor existed,1207,7
16034,220,221,220.01,547,Narrated,1910-01-13,1910-01-13,Turn of the Century (1890-1913),"<p>Shreve interrupts Quentin's telling to ask if either Grandfather or Father knew ""what the demon was talking about"" (220).  The narrator attributes his attempt at ""levity"" to the ""sentimentality of the young"" (221).  [SOURCE: Narrator]</p>",AA289,Mentioned,Clytemnestra,MixedBlackWhite,Female,Enslaved Black,Secondary,Harvard University,2571,831,-831, Narrator,your old man shreve said when your grandfather,he left for virginia that night grandfather said,your old man shreve said when your grandfather was telling this to him he didn't know any more what your grandfather was talking about than your grandfather knew what the demon was talking about when the demon told it to him did he and when your old man told it to you you wouldn't have known what anybody was talking about if you hadn't been out there and seen clytie is that right yes quentin said grandfather was the only friend he had the demon had quentin didn't answer didn't move it was cold in the room now the heat was almost gone out of the radiators the cold iron fluting stern signal and admonition for sleeping the little death the renewal it had been some time now since the chimes had rung eleven all right shreve said he was hugging himself into the bathrobe now as he had formerly hugged himself inside his pink naked almost hairless skin he chose he chose lechery so do i but go on his remark was not intended for flippancy nor even derogation it was born if from any source of that incorrigible unsentimental sentimentality of the young which takes the form of hard and often crass levity to which by the way quentin paid no attention whatever resuming as if he had never been interrupted his face still lowered still brooding apparently on the open letter upon the open book between his hands,241,7
16035,221,221,221.01,338,Told,1864-11-01,1864-11-30,Civil War (1861-1865),"<p>Watching him ride off to war, Grandfather thinks about Sutpen's stuggle to hold on to the meaning of his design.  [SOURCE: Grandfather, Quentin]</p>",AA8,Present,General Compson,White,Male,Upper Class,Secondary,Holston House,1290,790,-790," Grandfather, Quentin",he left for virginia that night grandfather said,he could still reach sutpen's hundred before dark,he left for virginia that night grandfather said how he went to the window and watched him ride across the square on the gaunt black stallion erect in his faded gray the hat with its broken plume cocked a little yet not quite so much as the beaver of the old days as if grandfather said even with his martial rank and prerogatives he did not quite swagger like he used to do not because he was chastened by misfortune or spent or even war wearied but as though even while riding he was still bemused in that state in which he struggled to hold clear and free above a maelstrom of unpredictable and unreasoning human beings not his head for breath and not so much his fifty years of effort and striving to establish a posterity but his code of logic and morality his formula and recipe of fact and deduction whose balanced sum and product declined refused to swim or even float saw him approach the holston house and saw old mr mccaslin and two other old men hobble out and stop him he sitting the stallion and talking to them and his voice not raised grandfather said yet the very sober quality of his gestures and the set of his shoulders forensic oratorical then he went on,220,7
16036,221,221,221.02,339,Told,1864-11-01,1864-11-30,Civil War (1861-1865),"<p>Before going back to the war, Sutpen has supper at his plantation, where he speaks to Clytemnestra and Wash as ""master to slave, baron to retainer"" (221).  [SOURCE: Grandfather, Quentin]</p>",AA17,Mentioned,Lincoln,White,Male,Middle Class,Peripheral,Sutpen Plantation,785,193,-193," Grandfather, Quentin",he could still reach sutpen's hundred before dark,then it was 65 and the army grandfather,he could still reach sutpen's hundred before dark so it was probably after supper that he headed the stallion toward the atlantic ocean he and judith facing one another again for maybe a full minute he not needing to say i will stop it if i can she not needing to say stop it then if you can but just goodbye the kiss on the brow and no tears a word to clytie and to wash master to slave baron to retainer well clytie take care of miss judith wash i'll send you a piece of abe lincoln's coat tail from washington and i reckon wash answering like it used to be under the scuppernongs with the demijohn and the well bucket sho kernel kill ever one of the varmints so he ate the hoecake and drank the parched acorn coffee and rode away,144,7
16037,221,222,221.03,352,Told,1865-04-01,1865-04-30,Civil War (1861-1865),"<p>When the army Henry is serving in retreats to Carolina, Sutpen visits his son.  [SOURCE: Grandfather, Quentin]</p>",AA1258,Mentioned,Charles Bon,MixedBlackWhite,Male,Upper Class,Major,Carolina in the Civil War,2479,965,-965," Grandfather, Quentin",then it was 65 and the army grandfather,so he got his choice made after all shreve said,then it was 65 and the army grandfather had gone back to it too he was a brigadier now though i reckon this was for more reason than because he just had one arm had retreated across georgia and into carolina and they all knew it wouldn't be very much longer now then one day lee sent johnston some reinforcements from one of his corps and grandfather found out that the twenty third mississippi was one of the regiments and he grandfather didn't know what had happened whether sutpen had found out in some way that henry had at last coerced his conscience into agreeing with him as his henry's father had done thirty years ago whether judith perhaps had written her father that she had heard from bon at last and what she and bon intended to do or if the four of them had just reached as one person that point where something had to be done had to happen he grandfather didn't know he just learned one morning that sutpen had ridden up to grandfather's old regiment's headquarters and asked and received permission to speak to henry and did speak to him and then rode away again before midnight,202,7
16038,222,222,222.01,548,Narrated+Consciousness,1910-01-13,1910-01-13,Turn of the Century (1890-1913),"<p>Shreve jumps the narrative ahead to Sutpen's return after the War, but Quentin insists ""I am telling,"" while thinking that he is ""going to have to hear it all over again"" (222).  [SOURCE: Narrator]</p>",AA289,Mentioned,Mr. Compson,White,Male,Upper Class,Major,Harvard University,2571,831,-831, Narrator,so he got his choice made after all shreve said,that at least regarding which he should have needed,so he got his choice made after all shreve said he played that trump after all and so he came home and found wait quentin said what he must have wanted to find or anyway what he was going to find wait i tell you quentin said though still he did not move nor even raise his voice that voice with its tense suffused restrained quality i am telling am i going to have to hear it all again he thought i am going to have to hear it all over again i am already hearing it all over again i am listening to it all over again i shall have to never listen to anything else but this again forever so apparently not only a man never outlives his father but not even his friends and acquaintances do,139,7
16039,222,223,222.02,388,Told,1866-01-01,1866-01-31,Reconstruction (1866-1889),"<p>Sutpen returns and learns that Henry killed Bon.  [SOURCE: Father, Rosa, Quentin]</p>",AA17,Mentioned,Charles Bon,MixedBlackWhite,Male,Upper Class,Major,Sutpen Plantation,785,193,-193," Father, Rosa, Quentin",that at least regarding which he should have needed,he had returned he was home again where his problem,that at least regarding which he should have needed no word nor warning even if judith would have sent him one sent him acknowledgement that she was beaten who according to mr compson would no more have sent him acknowledgement that he had beat her than she waited who miss coldfield said was not bereaved and met him on his return not with the fury and despair perhaps which he might have expected even though knowing as little having learned as little about women as mr compson said he had yet certainly with something other than the icy calm with which according to miss coldfield she met him the kiss again after almost two years on the brow the voices the speeches quiet contained almost impersonal and yes henry killed him followed by the brief tears which ceased on the instant when they began as if the moisture consisted of a single sheet or layer thin as a cigarette paper and in the shape of a human face the ah clytie ah rosa well wash i was unable to penetrate far enough behind the yankee lines to cut a piece from that coat tail as i promised you the from jones guffaw the chortle the old imbecile stability of the articulated mud which mr compson said outlasts the victories and the defeats both well kernel they kilt us but they aint whupped us yit air they and that was all,240,7
16040,223,224,223.01,389.5,Narrated,1866-01-02,1866-05-31,Reconstruction (1866-1889),"<p>Sutpen races against time to restore his plantation and resurrect his design, rushing Wash into the fields and Rosa into an engagement.  [SOURCE: Father, Quentin]</p>",AA17,Mentioned,Mr. Compson,White,Male,Upper Class,Major,Sutpen Plantation,785,193,-193," Father, Quentin",he had returned he was home again where his problem,it broke down it vanished into that old impotent,he had returned he was home again where his problem now was haste passing time the need to hurry he was not concerned mr compson said about the courage and the will nor even about the shrewdness now he was not for one moment concerned about his ability to start the third time all that he was concerned about was the possibility that he might not have time sufficient to do it in regain his lost ground in he did not waste any of what time he had either the will and the shrewdness too he did not waste though he doubtless did not consider it to have been either his will or his shrewdness which supplied waiting to his hand the opportunity and it was probably less of shrewdness and more of courage than even will which got him engaged to miss rosa within a period of three months and almost before she was aware of the fact miss rosa the chief disciple and advocate of that cult of demon harrying of which he was the chief object even though not victim engaged to him before she had got accustomed to having him in the house yes more of courage than even will yet something of shrewdness too the shrewdness acquired in excruciating driblets through the fifty years suddenly capitulant and retroactive or suddenly sprouting and flowering like a seed lain fallow in a vacuum or in a single iron clod because he seemed to perceive without stopping in that passage through the house which was an unbroken continuation of the long journey from virginia the pause not to greet his family but merely to pick up jones and drag him on out to the brier choked fields and fallen fences and clap axe or mattock into his hands the one weak spot the one spot vulnerable to assault in miss rosa's embattled spinsterhood and to assault and carry this in one stride with something of the ruthless tactical skill of his old master the twenty third mississippi was in jackson's corps at one time and then the shrewdness failed him again,353,7
16041,224,224,224.01,398,Told,1866-06-01,1866-06-30,Reconstruction (1866-1889),"<p>Mr. Compson describes the scene where Sutpen, clinging to the ""old impotent logic"" that had already betrayed him, insults Rosa and sends her rushing back to town (224).  [SOURCE: Father, Quentin]</p>",AA17,Mentioned,Ellen Coldfield Sutpen,White,Female,Upper Class,Secondary,Sutpen Plantation,785,193,-193," Father, Quentin",it broke down it vanished into that old impotent,no shreve said you wait let me play a while,it broke down it vanished into that old impotent logic and morality which had betrayed him before and what day might it have been what furrow might he have stopped dead in one foot advanced the unsentient plow handles in his instantaneous unsentient hands what fence panel held in midair as though it had no weight by muscles which could not feel it when he realised that there was more in his problem than just lack of time that the problem contained some super distillation of this lack that he was now past sixty and that possibly he could get but one more son had at best but one more son in his loins as the old cannon might know when it has just one more shot in its corporeality so he suggested what he suggested to her and she did what he should have known she would do and would have known probably if he had not bogged himself again in his morality which had all the parts but which refused to run to move hence the proposal the outrage and unbelief the tide the blast of indignation and anger upon which miss rosa vanished from sutpen's hundred her air ballooned skirts spread upon the flood chip light her bonnet possibly one of ellen's which she had prowled out of the attic clapped fast onto her head rigid and precarious with rage and he standing there with the reins over his arm with perhaps something like smiling inside his beard and about the eyes which was not smiling but the crinkled concentration of furious thinking the haste the need for it the urgency but not fear not concern just the fact that he had missed that time though luckily it was just a spotting shot with a light charge and the old gun the old barrel and carriage none the worse only next time there might not be enough powder for both a spotting shot and then a full sized load the fact that the thread of shrewdness and courage and will ran onto the same spool which the thread of his remaining days ran onto and that spool almost near enough for him to reach out his hand and touch it but this was no grave concern yet since it the old logic the old morality which had never yet failed to fail him was already falling into pattern already showing him conclusively that he had been right just as he knew he had been and therefore what had happened was just a delusion and did not actually exist,431,7
16042,224,225,224.02,549,Narrated,1910-01-13,1910-01-13,Turn of the Century (1890-1913),"<p>Shreve interrupts Quentin and continues the story, briefly; afterwards Quentin resumes it - but they are described as working together, to ""say No to Quentin's Mississippi shade,"" i.e. Sutpen (225).  [SOURCE: Narrator]</p>",AA289,Mentioned,Rosa Coldfield,White,Female,Middle Class,Major,Harvard University,2571,831,-831, Narrator,no shreve said you wait let me play a while,no reserve to risk a spotting shot with now,no shreve said you wait let me play a while now now wash him the demon standing there with the horse the saddled charger the sheathed sabre the gray waiting to be laid peaceful away among the moths and all lost save dishonor then the voice of the faithful grave digger who opened the play and would close it coming out of the wings like shakespeare's very self well kernel they mought have whupped us but they aint kilt us yit air they this was not flippancy either it too was just that protective coloring of levity behind which the youthful shame of being moved hid itself out of which quentin also spoke the reason for quentin's sullen bemusement the on both their parts flipness the strained clowning the two of them whether they knew it or not in the cold room it was quite cold now dedicated to that best of ratiocination which after all was a good deal like sutpen's morality and miss coldfield's demonising this room not only dedicated to it but set aside for it and suitably so since it would be here above any other place that it the logic and the morality could do the least amount of harm the two of them back to back as though at the last ditch saying no to quentin's mississippi shade who in life had acted and reacted to the minimum of logic and morality who dying had escaped it completely who dead remained not only indifferent but impervious to it somehow a thousand times more potent and alive there was no harm intended by shreve and no harm taken since quentin did not even stop he did not even falter taking shreve up in stride without comma or colon or paragraph,295,7
16043,225,225,225.01,407,Told,1866-07-01,1867-12-31,Reconstruction (1866-1889),<p>Sutpen turns to Wash's young granddaughter as a potential mother to a son.  [SOURCE: Quentin]</p>,AA17,Present,Wash Jones,White,Male,Poor White,Secondary,Sutpen Plantation,785,193,-193, Quentin,no reserve to risk a spotting shot with now,that after he went away with the regiment,no reserve to risk a spotting shot with now so he started this one like you start a rabbit out of a brier patch with a little chunk of dried mud thrown by hand maybe it was the first string of beads out of his and wash's little store where he would get mad at his customers the niggers and the trash and the haggling and turn them out and lock the door and drink himself blind and maybe wash delivered the beads himself father said that was down at the gate when he rode back from the war that day,101,7
16044,225,226,225.02,312,Told,1861-08-01,1865-12-31,Civil War (1861-1865),"<p>While Sutpen is away at the War, the blacks on the plantation mock Jones for not serving; he sees his role as taking care of Sutpen's home and family.  To defend himself against the ""jeering echoes"" of the Negroes' laughter, he remembers being with Sutpen and conjures up a vision of him as a godlike figure of a man (226).  [SOURCE: Grandmother, Quentin]</p>",AA17,Mentioned,Mr. Compson,White,Male,Upper Class,Major,Sutpen Plantation,785,193,-193," Grandmother, Quentin",that after he went away with the regiment,maybe he even delivered the first string,that after he went away with the regiment would tell folks that he wash was looking after kernel's place and niggers until after a while maybe he even believed it father's mother said how when the sutpen niggers first heard about what he was saying they would stop him in the road that came up out of the bottom where the old fishing camp was that sutpen let him and the granddaughter she was about eight then live in there would be too many of them for him to whip them all to even try to risk trying to and they would ask him why he wasn't at the war and he would say git outen my road niggers and then it would be the outright laughing asking one another except it was not one another but him who him calling us niggers and he would rush at them with a stick and them avoiding him just enough not mad at all just laughing and he was still carrying fish and animals he killed or maybe stole and vegetables up to the house when that was about all mrs sutpen and judith and clytie too had to live on and clytie would not let him come into the kitchen with the basket even saying stop right there white man stop right where you is you aint never crossed this door while colonel was here and you aint going to cross it now which was true only father said there was a kind of pride in it that he had never tried to enter the house even though he believed that if he had tried sutpen would not have let them repulse him like father said he might have said to himself the reason i wont try it aint that i refuse to give any black nigger the chance to tell me i cant but because i aint going to force mister tom to have to cuss a nigger or take a cussing from his wife on my account but they would drink together under the scuppernong arbor on the sunday afternoons and on the week days he would see sutpen the fine figure of the man as he called it on the black stallion galloping about the plantation and father said how for that moment wash's heart would be quiet and proud both and that maybe it would seem to him that this world where niggers that the bible said had been created and cursed by god to be brute and vassal to all men of white skin were better found and housed and even clothed than he and his granddaughter that this world where he walked always in mocking and jeering echoes of nigger laughter was just a dream and an illusion and that the actual world was the one where his own lonely apotheosis father said galloped on the black thoroughbred thinking maybe father said how the book said that all men were created in the image of god and so all men were the same in god's eyes anyway looked the same to god at least and so he would look at sutpen and think a fine proud man if god himself was to come down and ride the natural earth that's what he would aim to look like,552,7
16045,226,227,226.01,408,Told,1867-01-01,1869-07-31,Reconstruction (1866-1889),"<p>Wash helps Sutpen court his granddaughter, with faith in Sutpen's honorableness.    [SOURCE: Father, Quentin]</p>",AA100,Mentioned,Mr. Compson,White,Male,Upper Class,Major,Sutpen's Store,820,255,-255," Father, Quentin",maybe he even delivered the first string,and father said how that afternoon grandfather rode,maybe he even delivered the first string of beads himself and father said maybe each of the ribbons afterward during the next three years while the girl matured fast like girls of that kind do or anyway he would know and recognise each and every ribbon when he saw it on her even when she lied to him about where and how she got it which she probably did not since she would be bound to know that he had been seeing the ribbons in the showcase every day for three years and would have known them as well as he knew his own shoes and not only he knew them but all the other men the customers and the loungers the white and the black that would be sitting and squatting about the store's gallery to watch her pass not quite defiant and not quite cringing and not quite flaunting the ribbons and the beads but almost not quite any of them but a little of all bold sullen and fearful but father said how wash's heart was probably still quiet even after he saw the dress and spoke about it probably only a little grave now and watching her secret defiant frightened face while she told him before he had asked maybe too insistent too quick to volunteer it that miss judith had given it to her helped her to make it and father said maybe he realised all of a sudden and without warning that when he passed the men on the gallery they would look after him too and that they already knew that which he had just thought they were probably thinking but father said his heart was still quiet even now and that he answered if he answered at all stopped the protestations and disclaimers at all sho now ef kernel and miss judith wanted to give hit to you i hope you minded to thank them not alarmed father said just thoughtful just grave,331,7
16046,227,228,227.01,409,Told,1868-08-01,1868-08-31,Reconstruction (1866-1889),"<p>Grandfather overhears a conversation between Wash and Sutpen, about his intentions toward Milly, ""a fifteen-year-old gal"" (228).  Wash tells Sutpen he believes in him, because ""you are different"" (228).  [SOURCE: Grandfather, Father, Quentin]</p>",AA99,Mentioned,Milly Jones,White,Female,Poor White,Minor,Sutpen Plantation Arbor,823,216,-216," Grandfather, Father, Quentin",and father said how that afternoon grandfather rode,so that sunday came a year after that day,and father said how that afternoon grandfather rode out to see sutpen about something and there was nobody in the front of the store and he was about to go out and go up to the house when he heard the voices from the back and he walked on toward them and so he overheard them before he could begin to not listen and before he could make them hear him calling sutpen's name grandfather couldn't see them yet he hadn't even got to where they could hear him yet but he said he knew exactly how they would be sutpen having already told wash to get the jug out and then wash spoke and sutpen beginning to turn realising that wash wasn't getting the jug before he comprehended the import of what wash was saying then comprehending that and still half turned and then all of a sudden kind of reared back and flinging his head up looking at wash and wash standing there not cringing either in that attitude dogged and quiet and not cringing and sutpen said what about the dress and grandfather said it was sutpen's voice that was short and sharp not wash's that wash's voice was just flat and quiet not abject just patient and slow i have knowed you for going on twenty years now i aint never denied yit to do what you told me to do and i'm a man past sixty and she aint nothing but a fifteen year old gal and sutpen said meaning that i'd harm the girl i a man as old as you are and wash if you was arra other man i'd say you was as old as me and old or no old i wouldn't let her keep that dress nor nothing else that come from your hand but you are different and sutpen how different and grandfather said how wash did not answer and that he called again now and neither of them heard him and then sutpen said so that's why you are afraid of me and wash said i aint afraid because you are brave it aint that you were a brave man at one second or minute or hour of your life and got a paper to show hit from general lee but you are brave the same as you are alive and breathing that's where it's different hit dont need no ticket from nobody to tell me that and i know that whatever your hands tech whether hit's a regiment of men or a ignorant gal or just a hound dog that you will make hit right then grandfather heard sutpen move sudden and sharp and grandfather said he reckoned thought just about what he imagined wash was thinking but all sutpen said was get the jug sho kernel wash said,472,7
16047,228,228,228.01,412,Told,1869-08-12,1869-08-12,Reconstruction (1866-1889),"<p>Sutpen leaves the house.  Judith supposes he is going to check on ""his mare"" (228).  [SOURCE: Father, Quentin]</p>",AA17,Mentioned,Rosa Coldfield,White,Female,Middle Class,Major,Sutpen Plantation,785,193,-193," Father, Quentin",so that sunday came a year after that day,father said judith actually did this this was no lie,so that sunday came a year after that day and three years after he had suggested to miss rosa that they try it first and if it was a boy and lived they would be married it was before daylight and he was expecting his mare to foal to the black stallion so when he left the house before day that morning judith thought he was going to the stable who knew what and how much about her father and wash's granddaughter nobody knew how much she could not have helped but know from what clytie must have known may have or may not have told her whether or no since everybody else white or black in the neighborhood knew who had ever seen the girl pass in the ribbons and beads which they all recognised how much she may have refused to discover during the fitting and sewing of that dress,152,7
16048,228,229,228.02,410,Told,1869-05-01,1869-07-31,Reconstruction (1866-1889),"<p>Judith spends a week fitting Milly Jones for a dress.  [SOURCE: Father, Quentin]</p>",AA17,Mentioned,Mr. Compson,White,Male,Upper Class,Major,Sutpen Plantation,785,193,-193," Father, Quentin",father said judith actually did this this was no lie,so it was not until he failed to return at,father said judith actually did this this was no lie that the girl told wash the two of them alone all day long for about a week in the house and what they must have talked about what judith must have talked about while the girl stood around in what she possessed to call under clothes with her sullen defiant secret watchful face answering what telling what that judith may or may not have tried to shut her eyes to nobody knew,82,7
16049,229,229,229.01,416,Told,1869-08-12,1869-08-12,Reconstruction (1866-1889),"<p>When Sutpen fails to return, and isn't found in the stable, Judith sends a boy to ""the old fish camp"" to ask Jones about his whereabouts (229).  [SOURCE: Father, Quentin]</p>",AA97,Mentioned,Thomas Sutpen,White,Male,Upper Class,Major,Sutpen Plantation Stable,817,173,-173," Father, Quentin",so it was not until he failed to return at,and the boy walked whistling around the corner,so it was not until he failed to return at dinner time that she went or sent clytie to the stable and found that the mare had foaled in the night but that her father was not there and it was not until midafternoon that she found a halfgrown boy and paid him a nickel to go down to the old fish camp and ask wash where sutpen was,69,7
16050,229,229,229.02,417,Told,1869-08-12,1869-08-12,Reconstruction (1866-1889),"<p>The boy Judith sent to the fishing camp finds Sutpen's body.  [SOURCE: Father, Quentin]</p>",AA18,Mentioned,Thomas Sutpen,White,Male,Upper Class,Major,Fishing Camp|Hunting Camp,768,117,-117," Father, Quentin",and the boy walked whistling around the corner,then about a week later they caught,and the boy walked whistling around the corner of the rotting cabin and saw maybe the scythe first maybe the body first lying in the weeds which wash had not yet cut and as he screamed he looked up and saw wash in the window watching him,47,7
16051,229,229,229.03,428,Told,1869-08-18,1869-08-20,Reconstruction (1866-1889),"<p>The midwife who delivered Milly's baby is found ""about a week"" afterwards (229).  [SOURCE: Father, Quentin]</p>",AA462,Present,Unnamed Negro Midwife,Black,Female,Free Black,Minor,Midwife|Dicey's Cabin,962,202,-202," Father, Quentin",then about a week later they caught,and she told how she didn't know that wash,then about a week later they caught the nigger the midwife,11,7
16052,229,230,229.04,414.6,Told,1869-08-12,1869-08-12,Reconstruction (1866-1889),<p>Sutpen's death is told first from the perspective of the Negro midwife who has helped Milly Jones deliver the baby that Sutpen comes to the fishing camp to see; she hears Wash outside the camp threatening Sutpen and runs away.  [SOURCE: Midwife]</p>,AA18,Present,Milly Jones,White,Female,Poor White,Minor,Fishing Camp|Hunting Camp,768,117,-117, Midwife,and she told how she didn't know that wash,wait shreve said wait you mean that he had,and she told how she didn't know that wash was there at all that dawn when she heard the horse and then sutpen's feet and he came in and stood over the pallet where the girl and the baby were and said penelope that was the mare foaled this morning a damned fine colt going to be the spit and image of his daddy when i rode him north in 61 do you remember and the old nigger said she said yes marster and that he jerked the riding whip toward the pallet and said well damn your black hide horse or mare and that she told him and that he stood there for a minute and he didn't move at all with the riding whip against his leg and the lattices of sunlight from the unchinked wall falling upon him across his white hair and his beard that hadn't turned at all yet and she said she saw his eyes and then his teeth inside his beard and that she would have run then only she couldn't couldn't seem to make her legs bear to get up and run and then he looked at the girl on the pallet again and said well milly too bad you're not a mare too then i could give you a decent stall in the stable and turned and went out only she could not move even yet and she didn't even know that wash was outside there she just heard sutpen say stand back wash dont you touch me and then wash his voice soft and hardly loud enough to reach her i'm going to tech you kernel and sutpen again stand back wash sharp now and then she heard the whip on wash's face but she didn't know if she heard the scythe or not because now she found out that she could move get up run out of the cabin and into the weeds running,325,7
16053,230,230,230.01,550,Narrated,1910-01-13,1910-01-13,Turn of the Century (1890-1913),<p>Shreve breaks into Quentin's story to ask about Sutpen's words.  [SOURCE: Narrator]</p>,AA289,Mentioned,Thomas Sutpen,White,Male,Upper Class,Major,Harvard University,2571,831,-831, Narrator,wait shreve said wait you mean that he had,walked the three miles and back before midnight,wait shreve said wait you mean that he had got the son at last that he wanted yet still he,20,7
16054,230,230,230.02,411,Told,1869-08-11,1869-08-11,Reconstruction (1866-1889),"<p>After Shreve's interruption, Quentin resumes, abruptly, by talking about what Wash did when his granddaughter had her baby.  [SOURCE: Father, Quentin]</p>",AA462,Present,Wash Jones,White,Male,Poor White,Secondary,Midwife|Dicey's Cabin,962,202,-202," Father, Quentin",walked the three miles and back before midnight,until daylight came and the granddaughter stopped screaming,walked the three miles and back before midnight to fetch the old nigger then sat on the sagging gallery,19,7
16055,230,231,230.03,411.5,Told,1869-08-12,1869-08-12,Reconstruction (1866-1889),"<p>While Wash waits for his granddaughter's delivery, he thinks about how Sutpen's greatness is the answer to all his questions, including the South's defeat in the Civil War.  [SOURCE: Father, Quentin]</p>",AA18,Mentioned,Milly Jones,White,Female,Poor White,Minor,Fishing Camp|Hunting Camp,768,117,-117," Father, Quentin",until daylight came and the granddaughter stopped screaming,and maybe still standing there and holding the stallion's,until daylight came and the granddaughter stopped screaming inside the cabin and he even heard the baby once waiting for sutpen and father said his heart was quiet then too even though he knew what they would be saying in every cabin about the land by nightfall just as he had known what they were saying during the last four or five months while his granddaughter's condition which he had never tried to conceal could no longer be mistaken wash jones has fixed old sutpen at last it taken him twenty years to do it but he has got a holt of old sutpen at last where sutpen will either have to tear meat or squeal that's what father said he was thinking while he waited outside on the gallery where the old nigger had sent him ordered him out standing there maybe by the very post where the scythe had leaned rusting for two years while the granddaughter's screams came steady as a clock now but his own heart quiet not at all concerned nor alarmed and father said that maybe while he stood befogged in his fumbling and groping that morality of his that was a good deal like sutpen's that told him he was right in the face of all fact and usage and everything else which had always been somehow mixed up and involved with galloping hooves even during the old peace that nobody remembered and in which during the four years of the war which he had not attended the galloping had been only the more gallant and proud and thunderous father said that maybe he got his answer that maybe there broke free and plain in midgallop against the yellow sky of dawn the fine proud image of the man on the fine proud image of the stallion and that the fumbling and the groping broke clear and free too not in justification or explanation or extenuation or excuse father said but as the apotheosis lonely explicable beyond all human fouling he is bigger than all them yankees that killed us and ourn that killed his wife and widowed his daughter and druv his son from home that stole his niggers and ruined his land bigger than this whole county that he fit for and in payment for which has brung him to keeping a little country store for his bread and meat bigger than the scorn and denial which hit helt to his lips like the bitter cup in the book and how could i have lived nigh to him for twenty years without being touched and changed by him maybe i am not as big as he is and maybe i did not do any of the galloping but at least i was drug along where he went and me and him can still do hit and will ever so if so be he will show me what he aims for me to do,492,7
16056,231,231,231.01,414,Told,1869-08-12,1869-08-12,Reconstruction (1866-1889),"<p>Sutpen rides up to the camp and Wash takes the reins of his stallion.  The words Sutpen speaks to his granddaughter destroy the faith Wash has always had, in Sutpen and the South; after losing all sense of ""stability"" (231), he determines to kill Sutpen.  [SOURCE: Father, Quentin]</p>",AA18,Present,Wash Jones,White,Male,Poor White,Secondary,Fishing Camp|Hunting Camp,768,117,-117," Father, Quentin",and maybe still standing there and holding the stallion's,wait shreve said for christ's sake wait,and maybe still standing there and holding the stallion's reins after sutpen had entered the cabin still hearing the galloping watching the proud galloping image merge and pass galloping through avatars which marked the accumulation of years time to the fine climax where it galloped without weariness or progress forever and forever immortal beneath the brandished sabre and the shot torn flags rushing down a sky in color like thunder stood there and heard sutpen inside the house speak his single sentence of salutation inquiry and farewell to the granddaughter and father said that for a second wash must not have felt the very earth under his feet while he watched sutpen emerge from the house the riding whip in his hand thinking quietly like in a dream i kaint have heard what i know i heard i just know i kaint thinking that was what got him up it was that colt it aint me or mine either it wasn't even his own that got him out of bed maybe feeling no earth no stability even yet maybe not even hearing his own voice when sutpen saw his face the face of the man who in twenty years he had no more known to make any move save at command than he had the stallion which he rode and stopped you said if she was a mare you could give her a decent stall in the stable maybe not even hearing sutpen when he said sudden and sharp stand back dont you touch me only he must have heard that because he answered it i'm going to tech you kernel and sutpen said stand back wash again before the old woman heard the whip only there were two blows with the whip they found the two welts on wash's face that night maybe the two blows even knocked him down maybe it was while he was getting up that he put his hand on the scythe,327,7
16057,231,231,231.02,551,Narrated,1910-01-13,1910-01-13,Turn of the Century (1890-1913),<p>Shreve again tries to interrupt Quentin's story of Sutpen's death.  [SOURCE: Narrator]</p>,AA289,Mentioned,Thomas Sutpen,White,Male,Upper Class,Major,Harvard University,2571,831,-831, Narrator,wait shreve said for christ's sake wait,sat there all that day in the little window,wait shreve said for christ's sake wait you mean that he,11,7
16058,231,233,231.03,415,Told,1869-08-12,1869-08-12,Reconstruction (1866-1889),"<p>Again after Shreve's interruption, Quentin's story resumes, having skipped over the actual killing of Sutpen to describe Wash's reflections on the other side of his disillusionment.  As he imagines the ""men of Sutpen's own kind"" who will be coming for him, the same kind of men who ""led the way"" for the South during the Civil War, he now sees them as symbols of admiration and ""instruments of despair"" (232).  [SOURCE: Father, Quentin]</p>",AA18,Mentioned,Mr. Compson,White,Male,Upper Class,Major,Fishing Camp|Hunting Camp,768,117,-117," Father, Quentin",sat there all that day in the little window,then they rode up he must have been listening,sat there all that day in the little window where he could watch the road probably laid the scythe down and went straight into the house where maybe the granddaughter on the pallet asked querulously what it was and he answered whut whut racket honey and maybe he tried to persuade her to eat too the side meat he had probably brought home from the store saturday night or maybe the candy trying to tempt her with it maybe the nickel's worth of stale jellified glue out of a striped sack and maybe ate himself and then sat at the window where he could look out above the body and the scythe in the weeds below and watch the road because he was sitting there when the half grown boy came around the corner of the house whistling and saw him and father said he must have realised then that it would not be much after dark when it would happen that he must have sat there and sensed felt them gathering with the horses and dogs and guns the curious and the vengeful men of sutpen's own kind who used to eat at his table with him back when he wash had yet to approach nearer the house than the scuppernong arbor men who had led the way shown the other and lesser ones how to fight in battles who might also possess signed papers from the generals saying that they were among the first and foremost of the brave who had galloped also in the old days arrogant and proud on the fine horses about the fine plantations symbol also of admiration and hope instruments too of despair and grief these it was whom he was expected to run from and it seeming to him probably that he had no less to run from than he had to run to that if he ran he would be fleeing merely one set of bragging and evil shadows for another since they men were all of a kind throughout all of earth which he knew and he old too old to run far even if he were to run who could never escape them no matter how much or how far he ran a man past sixty could not expect to run that far far enough to escape beyond the boundaries of earth where such men lived set the order and the rule of living and father said that maybe for the first time in his life he began to comprehend how it had been possible for yankees or any other army to have whipped them the gallant the proud the brave the acknowledged and chosen best among them all to bear the courage and honor and pride it would probably be about sunset now and probably he could feel them quite near now father said it probably seemed to him that he could even hear them all the voices the murmuring of tomorrow and tomorrow and tomorrow beyond the immediate fury old wash jones come a tumble at last he thought he had sutpen but sutpen fooled him he thought he had him but old wash jones got fooled and then maybe even saying it aloud shouting it father said but i never expected that kernel you know i never until maybe the granddaughter stirred and spoke querulously again and he went and quieted her and returned to talk to himself again but careful now quiet now since sutpen was close enough to hear him easy without shouting you know i never you know i never expected or asked or wanted nothing from arra living man but what i expected from you and i never asked that i didn't think hit would need i just said to myself i dont need to what need has a fellow like wash jones to question or doubt the man that general lee himself said in a hand wrote ticket that he was brave brave and maybe it would be loud again forgetting again brave better if narra one of them had ever rid back in 65 thinking better if his kind and mine too had never drawn the breath of life on this earth better that all who remain of us be blasted from the face of it than that another wash jones should see his whole life shredded from him and shrivel away like a dried shuck thrown onto the fire,740,7
16059,233,233,233.01,420,Told,1869-08-12,1869-08-12,Reconstruction (1866-1889),"<p>When the Sheriff's posse surrounds the fishing camp, Wash gently murders his granddaughter and her new baby, then holding the scythe with which he killed Sutpen, he charges at the men outside.    [SOURCE: Father, Quentin, Major de Spain]</p>",AA18,Mentioned,Mr. Compson,White,Male,Upper Class,Major,Fishing Camp|Hunting Camp,768,117,-117," Father, Quentin, Major de Spain",then they rode up he must have been listening,wait shreve said you mean that he got the son,then they rode up he must have been listening to them as they came down the road the dogs and the horses and seen the lanterns since it was dark now and major de spain who was sheriff then got down and saw the body though he said he did not see wash nor know that he was there until wash spoke his name quietly from the window almost in his face that you major de spain told him to come on out and he said how wash's voice was quite quiet when he said he would be out in just a minute it was too quiet too calm so much too quiet and calm that de spain said he did not realise for a moment that it was too calm and quiet in just a minute soon as i see about my granddaughter we'll see to her de spain said you come on out sho major wash said in just a minute so they waited in front of the dark house and the next day father said there were a hundred that remembered about the butcher knife that he kept hidden and razor sharp the one thing in his sloven life that he was ever known to take pride in or care of only by the time they remembered all this it was too late so they didn't know what he was about they just heard him moving inside the dark house then they heard the granddaughter's voice fretful and querulous who is it light the lamp grandpaw then his voice hit wont need no light honey hit wont take but a minute then de spain drew his pistol and said you wash come out of there and still wash didn't answer murmuring still to the granddaughter where air you and the fretful voice answering right here where else would i be what is then de spain said jones and he was already fumbling at the broken steps when the granddaughter screamed and now all the men there claimed that they heard the knife on both the neckbones though de spain didn't he just said he knew that wash had come out onto the gallery and that he sprang back before he found out that it was not toward him wash was running but toward the end of the gallery where the body lay but that he did not think about the scythe he just ran backward a few feet when he saw wash stoop and rise again and now wash was running toward him only he was running toward them all de spain said running into the lanterns so that now they could see the scythe raised above his head they could see his face his eyes too as he ran with the scythe above his head straight into the lanterns and the gun barrels making no sound no outcry while de spain ran backward before him saying jones stop stop or i'll kill you jones jones jones,500,7
16060,234,234,234.01,552,Narrated,1910-01-13,1910-01-13,Turn of the Century (1890-1913),"<p>Shreve again interrupts, before Quentin can describe Wash's death, to again ask about Sutpen's behavior.  [SOURCE: Narrator]</p>",AA289,Mentioned,Thomas Sutpen,White,Male,Upper Class,Major,Harvard University,2571,831,-831, Narrator,wait shreve said you mean that he got the son,sitting in grandfather's office that afternoon with,wait shreve said you mean that he got the son he wanted after all that trouble and then turned right around and yes,23,7
16061,234,234,234.02,337,Told,1864-11-01,1864-11-30,Civil War (1861-1865),"<p>Quentin reminds Shreve that when he visited Grandfather during the Civil War, Sutpen said that ""all I wanted was just a son"" (234).  [SOURCE: Grandfather, Quentin]</p>",AA1113,Mentioned,Henry Sutpen,White,Male,Upper Class,Major,General Compson's|Mr. Compson's Office,1320,837,-837," Grandfather, Quentin",sitting in grandfather's office that afternoon with,will you wait shreve said that with the son,sitting in grandfather's office that afternoon with his head kind of flung back a little explaining to grandfather like he might have been explaining arithmetic to henry back in the fourth grade you see all i wanted was just a son which seems to me when i look about at my contemporary scene no exorbitant gift from nature or circumstance to demand,62,7
16062,234,234,234.03,553,Narrated,1910-01-13,1910-01-13,Turn of the Century (1890-1913),"<p>Quentin answers the question that Shreve has been repeatedly asking by telling him that Milly Jones' newborn baby ""was a girl"" (234).  [SOURCE: Narrator]</p>",AA289,Mentioned,Sutpen and Milly's Daughter,White,Female,Poor White,Minor,Harvard University,2571,831,-831, Narrator,will you wait shreve said that with the son,there would be no deep breathing tonight the window,will you wait shreve said that with the son he went to all that trouble to get lying right there behind him in the cabin he would have to taunt the grandfather into killing first him and then the child too what quentin said it wasn't a son it was a girl oh shreve said come on let's get out of this damn icebox and go to bed chapter 8,70,7
