"substring(first_clean_out, matched[[1]], matched[[1]] + attr(matched[[1]], ""match.length"") - 1)"
(as the sun shone fuller and fuller on that side of the house)
(man-horse-demon)
(Colonel Sutpen)
"(Tore violently a plantation, Miss Rosa Coldfield says)"
"(Without gentleness begot, Miss Rosa Coldfield says)"
(Only they destroyed him or something or he destroyed them or something. And died)
(Save by her)
(And by Quentin Compson)
"(it too somehow smaller than its actual size it was of two storeys unpainted and a little shabby, yet with an air, a quality of grim endurance as though like her it had been created to fit into and complement a world in all ways a little smaller than the one in which it found itself)"
(Quentin’s)
(even if not affirmed)
"(some said, walled up)"
"(Miss Coldfield at least would have said, just)"
"(“But why tell me about it?” he said to his father that evening, when he returned home, after she had dismissed him at last with his promise to return for her in the buggy; “why tell me about it? What is it to me that the land or the earth or whatever it was got tired of him at last and turned and destroyed him? What if it did destroy her family too? It’s going to turn and destroy us all someday, whether our name happens to be Sutpen or Coldfield or not.” “Ah,” Mr Compson said. “Years ago we in the South made our women into ladies. Then the War came and made the ladies into ghosts. So what else can we do, being gentlemen, but listen to them being ghosts?” Then he said, “Do you want to know the real reason why she chose you?” They were sitting on the gallery after supper, waiting for the time Miss Coldfield had set for Quentin to call for her. “It’s because she will need someone to go with her a man, a gentleman, yet one still young enough to do what she wants, do it the way she wants it done. And she chose you because your grandfather was the nearest thing to a friend which Sutpen ever had in this county, and she probably believes that Sutpen may have told your grandfather something about himself and her, about that engagement which did not engage, that troth which failed to plight. Might even have told your grandfather the reason why at the last she refused to marry him. And that your grandfather might have told me and I might have told you. And so, in a sense, the affair, no matter what happens out there tonight, will still be in the family; the skeleton (if it be a skeleton) still in the closet. She may believe that if it hadn’t been for your grandfather’s friendship, Sutpen could never have got a foothold here, and that if he had not got that foothold, he could not have married Ellen. So maybe she considers you partly responsible through heredity for what happened to her and her family through him.”)"
"(mused, thought, seemed to possess sentience, as if, though dispossessed of the peace who was impervious anyhow to fatigue which she declined to give it, it was still irrevocably outside the scope of her hurt or harm)"
(Miss Coldfield)
(even to twenty)
"(the voice, the talking, the incredulous and unbearable amazement)"
(including the father who was to give him a daughter in marriage)
(or on any other patent of respectability)
(or any other reputable man’s)
(if anyone needed further proof)
(and probably did)
"(and the man who had done that, villain dyed though he be, would have possessed in her eyes, even if only from association with them, the stature and shape of a hero too)"
(and not because I was four years younger than Judith and six years younger than Henry: wasn’t it to me that Ellen turned before she died and said ‘Protect them’?)
"(the talking, the telling)"
"(to him, to Quentin)"
(verisimilitude)
"(and his, too)"
"(this because of his beard, doubtless)"
"(I had been inside it before too, of course, but even when I saw it for the first time that I could remember I seemed already to know how it was going to look just as I seemed to know how Ellen and Judith and Henry would look before I saw them for the time which I always remember as being the first)"
(that same instinctive knowledge which enabled me to tell Ellen that it was not from him that Judith would need protection)
"(and, on Sundays, heard even one of the original three bells in the same steeple where descendants of the same pigeons strutted and crooned or wheeled in short courses resembling soft fluid paint-smears on the soft summer sky)"
"(the ladies moving in hoops among the miniature broadcloth of little boys and the pantalettes of little girls, in the skirts of the time when ladies did not walk but floated)"
"(Jefferson was a village then: the Holston House, the courthouse, six stores, a blacksmith and livery stable, a saloon frequented by drovers and peddlers, three churches and perhaps thirty residences)"
(he was a young man too then; it would be years yet before he would become General Compson)
"(and even in saying aloud, now that he was not present)"
(not General Compson)
(or did not use)
"(usually Sutpen did not even greet them with as much as a nod, apparently as unaware of their presence as if they had been idle shades)"
"(or rather, ladder)"
(even General Compson did not know yet)
(or said)
(so the town learned later)
"(he or one of the negroes had ironed the coat with heated bricks, General Compson told Quentin’s father)"
(some of them had even come to call him Sutpen without the formal Mister)
"(it was April then, and the road was still a quagmire)"
"(yes, he was underbred. It showed like this always, your grandfather said, in all his formal contacts with people. He was like John L. Sullivan having taught himself painfully and tediously to do the schottische, having drilled himself and drilled himself in secret until he now believed it no longer necessary to count the music’s beat, say. He may have believed that your grandfather or Judge Benbow might have done it a little more effortlessly than he, but he would not have believed that anyone could have beat him in knowing when to do it and how. And besides, it was in his face; that was where his power lay, your grandfather said: that anyone could look at him and say, Given the occasion and the need, this man can and will do anything)"
(your grandfather said it had grown to almost fifty by now)
(the wedding)
(not cajoled: that would not have done it)
(the rain)
"(I dont speak of Ellen, of course: in fact, you will notice that most divorces occur with women who were married by tobacco-chewing j.p.’s in country courthouses or by ministers waked after midnight, with their suspenders showing beneath their coattails and no collar on and a wife or spinster sister in curl papers for witness. So is it too much to believe that these women come to long for divorce from a sense not of incompleteness but of actual frustration and betrayal? that regardless of the breathing evidence of children and all else, they still have in their minds even yet the image of themselves walking to music and turning heads, in all the symbolical trappings and circumstances of ceremonial surrender of that which they no longer possess? and why not, since to them the actual and authentic surrender can only be (and have been) a ceremony like the breaking of a banknote to buy a ticket for the train)"
"(or hoped: I have this from something your grandfather let drop one day and which he doubtless had from Sutpen himself in the same accidental fashion, since Sutpen never even told Ellen that he wanted it, which the fact that at the last minute he refused to support her in her desire and insistence upon it accounts partly for the tears)"
"(which his sister and daughter did not seem to possess, by the way)"
(it was at night: Sutpen had brought in a half dozen of his wild negroes to wait at the door with burning pine knots)
(Miss Rosa)
"(he was just fourteen then, he told your grandfather. Just the same age that Henry was that night in the stable which Miss Rosa told you about, which Henry could not quite stand up to)"
(the tears won; Ellen and the aunt wrote out a hundred invitations Sutpen brought in one of the wild negroes who carried them from door to door by hand and even sent out a dozen more personal ones for the dress rehearsal)
(including two of old Ikkemotubbe’s Chickasaws)
(they were both women)
(perhaps with the thimble on one finger)
(they threw nothing which could actually injure: it was only clods of dirt and vegetable refuse)
(there were doubtless pistols in the crowd; certainly knives: the negro would not have lived ten seconds if he had sprung)
(the men)
(Miss Rosa)
(her mother must have been at least forty and she died in that childbed and Miss Rosa never forgave her father for it)
(that principle which had left the aunt a virgin at thirty-five)
"(his face the same which Mr Coldfield now saw and had seen since that day when, with his future son-in-law for ostensible yokemate but actually whip, Mr Coldfield’s conscience had set the brakes and, surrendering even his share of the cargo, he and the son-in-law had parted)"
"(that aged and ancient and timeless absence of youth which consisted of a Cassandra-like listening beyond closed doors, of lurking in dim halls filled with that presbyterian effluvium of lugubrious and vindictive anticipation while she waited for the infancy and childhood with which nature had confounded and betrayed her to overtake the precocity of convinced disapprobation regarding any and every thing which could penetrate the walls of that house through the agency of any man, particularly her father, which the aunt seems to have invested her with at birth along with the swaddling clothes)"
"(Yes, Clytie was his daughter too: Clytemnestra. He named her himself. He named them all himself: all his own get and all the get of his wild niggers after the country began to assimilate them. Miss Rosa didn’t tell you that two of the niggers in the wagon that day were women? No, sir Quentin said. Yes. Two of them. And brought here neither by chance nor oversight. He saw to that, who had doubtless seen even further ahead than the two years it actually took him to build his house and show his good intentions to his neighbors until they allowed him to mix his wild stock with their tame, since the difference in tongue between his niggers and theirs could have been a barrier only for a matter of weeks or perhaps even days. He brought the two women deliberately; he probably chose them with the same care and shrewdness with which he chose the other livestock the horses and mules and cattle which he bought later on. And he lived out there for almost five years before he had speaking acquaintance with any white woman in the county, just as he had no furniture in his house and for the same reason: he had at the time nothing to exchange for it them or her. Yes. He named Clytie as he named them all, the one before Clytie and Henry and Judith even, with that same robust and sardonic temerity, naming with his own mouth his own ironic fecundity of dragon’s teeth which with the two exceptions were girls. Only I have always liked to believe that he intended to name her Cassandra, prompted by some pure dramatic economy not only to beget but to designate the presiding augur of his own disaster, and that he just got the name wrong through a mistake natural in a man who must have almost taught himself to read)"
(that strong vindictive consistent woman who seems to have been twice the man that Mr Coldfield was and who in very truth was not only Miss Rosa’s mother but her father too)
(Sutpen)
(he used the bar now)
(Miss Rosa now kept her father’s house as the aunt had done until the night the aunt climbed out the window and vanished)
"(at this time Ellen went through a complete metamorphosis, emerging into her next lustrum with the complete finality of actual re-birth)"
"(and who would have been, if her life had not declined into a time when even men found little enough to eat and the end of her days had been without trouble, fullbodied indeed. Not fat: just rounded and complete, the hair white, the eyes still even young, even a faint bloom yet on what would be dewlaps and not cheeks any longer, the small plump ringed unscarified hands folded in tranquil anticipation of the food, on the damask before the Haviland beneath the candelabra which he had fetched to town years and years ago in wagons, to the astonished and affronted outrage of his fellow citizens)"
(as you put it)
(time)
(so the town believed)
"(this the hoyden who could and did outrun and outclimb, and ride and fight both with and beside her brother)"
(if she had moved)
(if she had lived)
(he brought home with him a citation for valor in Lee’s own hand)
(there were twenty stores in Jefferson now)
"(it of necessity offered to the bride’s equipment and not the bride; it was Ellen who told this, with shrieks of amusement, more than once)"
"(which he evidently did not want, anyway)"
(he had an overseer now; it was the son of that same sheriff who had arrested him at his bride-to-be’s gate on the day of the betrothal)
"(it was 1860, even Mr Coldfield probably admitted that war was unavoidable)"
(and was never to see alive)
(now)
"(the clothes, castoff sometimes but usually new, which Ellen gave her from time to time were always silk, of course)"
"(she told this too, for the childish joke it was)"
"(you might say, repercussed)"
(it was a small store and he was his own clerk and from any point in it he could see any other point)
(and nights; she would have to wait until her father was asleep)
(she seemed to have retired to the darkened room which she was not to quit until she died two years later)
"(Sutpen or Judith: not Ellen, who would have been told nothing in the first place and would have forgot, failed to assimilate, it if she had been Ellen the butterfly, from beneath whom without warning the very sunbuoyed air had been withdrawn, leaving her now with the plump hands folded on the coverlet in the darkened room and the eyes above them probably not even suffering but merely filled with baffled incomprehension)"
"(but not the marriage of the aunt; it was Miss Rosa who entered that, along with Ellen’s death, on the day when she entered Mr Coldfield’s own and Charles Bon’s and even Sutpen’s)"
"(through a debt, by the way, not purchase)"
(though Miss Rosa now discovered that Ellen had been dyeing her hair evidently for years)
(though now unringed)
"(Henry up to now was just vanished, his birthright voluntarily repudiated; he had not yet returned to play his final part in his family’s doom and this, your grandfather said, spared Ellen too, not that it would have been the crushing and crowning blow but that it would have been wasted on her since the clinging moth, even alive, would have been incapable now of feeling anymore of wind or violence)"
(or evolving)
(Henry)
(so Henry must have believed)
(Henry)
(Henry)
(Bon)
(Bon)
(to him)
"(perhaps, probably)"
"(yes, Sutpen and Henry and the Coldfields too)"
(he was a Catholic of sorts)
(provided of course it was she herself who destroyed them)
(I like to think this)
(to the extent which they were able)
"(or rather, had thrust upon him)"
"(he never wrote her during that time. Henry would not let him; it was the probation, you see)"
(now and at last)
"(Bon was reading law. He would be, would almost have to, since only that could have made his residence bearable, regardless of what reason he may have brought with him for remaining; this, the perfect setting for his dilatory indolence: this digging into musty Blackstone and Coke where, of an undergraduate body still numbered in two figures, the law school probably consisted of six others beside Henry yes, he corrupted Henry to the law also; Henry changed in midterm and himself)"
(Bon)
(Bon)
(and likewise the drinkers who gulped it down like neat whiskey between flowery and unsubtle toasts)
(two of them)
(Bon)
(at the moment)
(for that time)
(if he chose)
(if on anything)
(which is all: there is nothing else)
(temporarily)
(and impossible)
(Henry)
(Henry’s)
(Henry)
(Bon)
(Judith)
"(the nurtured virgin, the supremely and traditionally idle)"
"(Colonel Sutpen now, since Sartoris had been deposed at the annual election of regimental officers the year before)"
(Judith)
"(and doubtless to him, meaningless)"
(stolen if you will)
(and this restores my faith not in human nature perhaps but at least in man)
(the scarecrows)
"(There. They have started firing again. Which to mention it is redundancy too, like the breathing or the need of ammunition. Because sometimes I think it has never stopped. It hasn’t stopped of course; I dont mean that. I mean, there has never been any more of it, that there was that one fusillade four years ago which sounded once and then was arrested, mesmerised raised muzzle by raised muzzle, in the frozen attitude of its own aghast amazement and never repeated and it now only the loud aghast echo jarred by the dropped musket of a weary sentry or by the fall of the spent body itself, out of the air which lies over the land where that fusillade first sounded and where it must remain yet because no other space under heaven will receive it. So that means that it is dawn again and that I must stop. Stop what? you will say. Why, thinking, remembering remark that I do not say, hoping ; to become once more for a period without boundaries or location in time, mindless and irrational companion and inmate of a body which, even after four years, with a sort of dismal and incorruptible fidelity which is incredibly admirable to me, is still immersed and obliviously bemused in recollections of old peace and contentment the very names of whose scents and sounds I do not know that I remember, which ignores even the presence and threat of a torn arm or leg as though through some secretly incurred and infallible promise and conviction of immortality.  But to finish.)"
"(each box said, the very best)"
"(It seemed to Quentin that he could actually see them, facing one another at the gate. Inside the gate what was once a park now spread, unkempt, in shaggy desolation, with an air dreamy remote and aghast like the unshaven face of a man just waking from ether, up to a huge house where a young girl waited in a wedding dress made from stolen scraps, the house partaking too of that air of scaling desolation, not having suffered from invasion but a shell marooned and forgotten in a backwater of catastrophe a skeleton giving of itself in slow driblets of furniture and carpet, linen and silver, to help to die torn and anguished men who knew, even while dying, that for months now the sacrifice and the anguish were in vain. They faced one another on the two gaunt horses, two men, young, not yet in the world, not yet breathed over long enough, to be old but with old eyes, with unkempt hair and faces gaunt and weathered as if cast by some spartan and even niggard hand from bronze, in worn and patched gray weathered now to the color of dead leaves, the one with the tarnished braid of an officer, the other plain of cuff, the pistol lying yet across the saddle bow unaimed, the two faces calm, the voices not even raised: Dont you pass the shadow of this post, this branch, Charles; and I am going to pass it, Henry)"
(so they will tell you)
"(brute instrument of that justice which presides over human events which, incept in the individual, runs smooth, less claw than velvet: but which, by man or woman flouted, drives on like fiery steel and overrides both weakly just and unjust strong, both vanquisher and innocent victimised, ruthless for appointed right and truth)"
(or was it the four years since Henry vanished or was it the nineteen years since I saw light and breathed?)
"(if he was, still lived and breathed at all)"
(so I thought)
(or would have if I had not touched it light and fast)
"(oh yes, he chose well; he bettered choosing, who created in his own image the cold Cerberus of his private hell)"
"(ay, perhaps decreed, since there is that justice whose Moloch’s palate-paunch makes no distinction between gristle bone and tender flesh)"
"(not my body: it still advanced, ran on: but I, myself, that deep existence which we lead, to which the movement of limbs is but a clumsy and belated accompanyment like so many unnecessary instruments played crudely and amateurishly out of time to the tune itself)"
(that carpet gone too)
"(ay, and love too)"
(this before the terror destroys all judgment whatever)
(trying to cry)
"(the bare coffee-colored feet motionless on the bare floor, the curve of the stair rising just beyond her)"
"(she did not even remove her gaze from mine for the reason that she was not looking at me but through me, apparently still musing upon the open door’s serene rectangle which I had broken)"
"(nay, which I must find, else breathing and standing there, I would have denied that I was ever born)"
(that nuptial couch of love and grief)
(my body)
"(yes, it needed the hand, the touch, for that)"
"(no, not mindless: anything but mindless: his own clairvoyant will tempered to amoral evil’s undeviating absolute by the black willing blood with which he had crossed it)"
(even if invisible)
(and Henry too when she spoke of him)
(that instant before my still advancing body should brush past her and reach the stair)
(she not owner: instrument; I still say that)
(my body)
(possibly all children; I do not know)
(so I have heard)
(and little else)
(yes: it too sentient victim just as she and I were)
"(and not to Judith, mind: perhaps I knew already, on the instant I entered the house and saw that face which was at once both more and less than Sutpen, perhaps I knew even then what I could not, would not, must not believe)"
"(Ay, wake up, Rosa; wake up not from what was, what used to be, but from what had not, could not have ever, been; wake, Rosa not to what should, what might have been, but to what cannot, what must not, be; wake, Rosa, from the hoping, who did believe there is a seemliness to bereavement even though grief be absent; believed there would be need for you to save not love perhaps, not happiness nor peace, but what was left behind by widowing and found that there was nothing there to save; who hoped to save her as you promised Ellen (not Charles Bon, not Henry: not either one of these from him or even from one another) and now too late, who would have been too late if you had come there from the womb or had been there already at the full strong capable mortal peak when she was born; who came twelve miles and nineteen years to save what did not need the saving, and lost instead yourself)"
"(even at nineteen knew, I would say if it were not for my nineteen, my own particular kind of nineteen years)"
(not wise enough: no wisdom needed here)
"(repeats? creates, reduces to a fragile evanescent iridescent sphere)"
(light-unimpeded)
(they cannot have told you this either)
(I was fourteen then)
(I was fourteen)
"(for that short time, that short brief unreturning springtime of the female heart)"
(that same child)
(possibly my father chose Ellen as a refuge for me because at that time Thomas Sutpen was also absent)
(now twice)
"(I never saw him. I never even saw him dead. I heard a name, I saw a photograph, I helped to make a grave: and that was all)"
"(I did not love him; how could I? I had never even heard his voice, had only Ellen’s word for it that there was such a person)"
"(How could I have, when I had never seen him?)"
"(and I still say, How could it be?)"
(or so I thought)
(a machine perhaps)
"(my childhood taught me that instead of love and it stood me in good stead; in fact, if it had taught me love, love could not have stood me so)"
"(ay, the willing)"
"(perhaps with pleasure, gratitude)"
(if it were love)
(I know it now)
(or lack of it)
(that year before the War)
(and it my trousseau)
(and which she herself did not enter again to my knowledge until Jones and the other man carried the coffin up the stairs)
"(Jones and another white man which he produced, exhumed, from somewhere made it of boards torn from the carriage house; I remember how while we ate the food which Judith yes, Judith: the same face calm cold and tranquil above the stove had cooked, ate it in the very room which he lay over, we could hear them hammering and sawing in the back yard, and how I saw Judith once, in a faded gingham sunbonnet to match the dress, giving them directions about making it; I remember how during all that slow and sunny afternoon they hammered and sawed right under the back parlor window the slow, maddening rasp. rasp. rasp. of the saw, the flat deliberate hammer blows that seemed as though each would be the last but was not, repeated and resumed just when the dulled attenuation of the wearied nerves, stretched beyond all resiliency, relaxed to silence and then had to scream again: until at last I went out there (and saw Judith in the barnlot in a cloud of chickens, her apron cradled about the gathered eggs) and asked them why? why there? why must it be just there? and they both stopped long and more than long enough for Jones to turn and spit again and say, ‘Because hit wouldn’t be so fur to tote the box’: and how before my very back was turned he one of them added further, out of some amazed and fumbling ratiocination of inertia, how ‘Hit would be simpler yit to fetch him down and nail the planks around him, only maybe Missus Judy wouldn’t like hit’)"
"(yes, took a candle from that firm untrembling hand and thought ‘She did not even weep’ and then in a lamp-gloomed mirror saw my own face and thought ‘Nor did you either’)"
(and this time final)
"(we did not even speak of Henry that day, not one of us; I did not say the aunt, the spinster ‘Did he look well or ill?’ I did not say one of the thousand trivial things with which the indomitable woman-blood ignores the man’s world in which the blood kinsman shows the courage or cowardice, the folly or lust or fear, for which his fellows praise or crucify him)"
(which we were)
(which we were not)
(or believe)
(who knew him)
"(I had never for one instant thought of marriage, never for one instant imagined that he would look at me, see me, since he never had. You may believe me, because I shall make no bones to say so when the moment comes to tell you when I did think of it.)"
(or at least quicker)
(the spirit and the heart)
"(that almost mad intention which he brought home with him, seemed to project, radiate ahead of him before he even dismounted)"
"(circumstance? a hundred years of careful nurturing, perhaps not by blood, not even Coldfield blood, but certainly by the tradition in which Thomas Sutpen’s ruthless will had carved a niche)"
(and abetted by Clytie)
(but not least)
"(yes, wild: half untamed black, half Sutpen blood: and if untamed’ be synonymous with ‘wild’, then ‘Sutpen’ is the silent unsleeping viciousness of the tamer’s lash)"
(Clytie)
"(this for more than to conserve the firewood which we had to carry in ourselves. We did it for safety. It was winter soon and already soldiers were beginning to come back the stragglers, not all of them tramps, ruffians, but men who had risked and lost everything, suffered beyond endurance and had returned now to a ruined land, not the same men who had marched away but transformed and this the worst, the ultimate degradation to which war brings the spirit, the soul into the likeness of that man who abuses from very despair and pity the beloved wife or mistress who in his absence has been raped. We were afraid. We fed them; we gave them what and all we had and we would have assumed their wounds and left them whole again if we could. But we were afraid of them.)"
(we could all see it now)
"(oh yes, we knew this too)"
"(Do you mind how I dont say he, but I?)"
(when I did had to look)
"(and would; ay, doubtless have already)"
(or even hope)
(so they will doubtless tell you)
"(she not moving, not moving a muscle)"
(he was fifty-nine)
(not afraid: concerned)
"(for all he ever told us, there might not have been any war at all, or it on another planet and no stake of his risked on it, no flesh and blood of his to suffer by it)"
(which enables man to bear with living)
(with no change of gaunt ruthless face nor level voice)
(failed? betrayed: and would this time destroy)
"(I was in the garden with a hoe, where the path came up from the stable lot)"
"(not attenuated to thinness but enlarged, magnified, encompassing as though in a prolonged and unbroken instant of tremendous effort embracing and holding intact that ten-mile square while he faced from the brink of disaster, invincible and unafraid, what he must have known would be the final defeat)"
"(he did not look at me again during the meal; I might have said then, To what deluded sewer-gush of dreaming does the incorrigible flesh betray us: but I did not)"
"(I do not know what he looked at while he spoke, save that by the sound of his voice it was not at us nor at anything in that room)"
"(ay, and delivered in the same attitude)"
"(he was sitting now also, in the chair which we called Clytie’s while she stood just beyond the firelight’s range beside the chimney)"
(and would never have again)
"(and I was saved; mine was to be some later, colder sacrifice when we I should be free of all excuse of the surprised importunate traitorous flesh)"
(granted that was what he wanted)
"(whatever it was he wanted of me not my being, my presence: just my existence, whatever it was that Rosa Coldfield or any young female no blood kin to him represented in whatever it was he wanted because I will do him this credit: he had never once thought about what he asked me to do until the moment he asked it because I know that he would not have waited two months or even two days to ask it)"
"(Or try to tell you, because there are some things for which three words are three too many, and three thousand words that many words too less, and this is one of them. It can be told; I could take that many sentences, repeat the bold blank naked and outrageous words just as he spoke them, and bequeath you only that same aghast and outraged unbelief I knew when I comprehended what he meant; or take three thousand sentences and leave you only that Why? Why? and Why? that I have asked and listened to for almost fifty years.)"
(demon or no)
(except myself: and was that not but further proof?)
(after that evening in Judith’s room)
"(though I the youngest, weakest)"
(and no hand on my head now)
(and kind too; they would be kind)
"(who had buried no hopes to bugles, beneath a flag)"
(even if she did help to grow and weave it)
"(that is, put on the shawl and hat again)"
(Miss Coldfield)
"(oh yes, they will tell you)"
(but you are wrong)
(do you mark the gradation?)
(do you mark them?)
(even if not rest and peace)
"(made of flour sacking when there had been flour, of window curtains when not)"
(Quentin)
"(and he soon needing, required, to say “No, neither aunt cousin nor uncle Rosa. Miss Rosa. Miss Rosa Coldfield, an old lady that died young of outrage in 1866 one summer” and then Shreve, “You mean she was no kin to you, no kin to you at all, that there was actually one Southern Bayard or Guinevere who was no kin to you? then what did she die for?” and that not Shreve’s first time, nobody’s first time in Cambridge since September: Tell about the South. What’s it like there. What do they do there. Why do they live there. Why do they live at all)"
(Quentin)
(Miss Coldfield)
(black once but faded now to that fierce muted metallic green of old peacock feathers)
(Quentin)
"(how did she put it? slut wasn’t all, was it?)"
"(bought her, outswapped his father-in-law, wasn’t it?)"
(the demon)
(the son)
(the demon)
"(and himself, husband or fiance, already safely cuckolded before she can draw breath)"
"(what is it? the word? white what? Yes, trash)"
"(his face quiet, reposed, curiously almost sullen)"
(Quentin)
(if the son still lived)
"(excusing what help they had from Jones who lived with his granddaughter in the abandoned fishing camp with its collapsing roof and rotting porch against which the rusty scythe which Sutpen was to lend him, make him borrow to cut away the weeds from the door and at last forced him to use though not to cut weeds, at least not vegetable weeds would lean for two years)"
(and maybe delivered too)
(who had not been bereaved and did not mourn)
"(and Clytie too, the one remaining servant, negro, the one who would forbid him to pass the kitchen door with what he brought)"
(quite frequent now)
(and in which he doubtless ordered Jones to fetch from the showcase the ribbons and beads and candy)
"(and Jones even sitting now who in the old days, the old dead Sunday afternoons of monotonous peace which they spent beneath the scuppernong arbor in the back yard, the demon lying in the hammock while Jones squatted against a post, rising from time to time to pour for the demon from the demijohn and the bucket of spring water which he had fetched from the spring more than a mile away then squatting again, chortling and chuckling and saying ‘Sho, Mister Tawm’ each time the demon paused)"
(a year or so too late here)
(or would admit it)
(which was hardly grizzled although his hair was almost white now)
"(the woman of thirty now and looking older, not as the weak grow old, either enclosed in a static ballooning of already lifeless flesh or through a series of stages of gradual collapsing whose particles adhere not to some iron and still impervious framework but to one another as though in some communal and oblivious and mindless life of their own like a colony of maggots, but as the demon himself had grown old: with a kind of condensation, an anguished emergence of the primary indomitable ossification which the soft color and texture, the light electric aura of youth, had merely temporarily assuaged but never concealed the spinster in homemade and shapeless clothing, with hands which could either transfer eggs or hold a plow straight in furrow)"
"(and maybe to the same place; maybe They would even have a scuppernong vine for them and no compulsions now of bread or ambition or fornication or vengeance and maybe they wouldn’t even have to drink only they would miss this now and then without knowing what it was that they missed but not often; serene, pleasant, unmarked by time or change of weather, only just now and then something, a wind, a shadow, and the demon would stop talking and Jones would stop guffawing and they would look at one another, groping, grave, intent, and the demon would say, ‘What was it, Wash? Something happened. What was it?’ and Jones looking at the demon, groping too, sober too, saying, ‘I dont know, Kernel Whut?’ each watching the other. Then the shadow would fade, the wind die away until at last Jones would say, serene, not even triumphant: ‘They mought have kilt us, but they aint whupped us yit, air they?’)"
"(“How was it?” Shreve said. “You told me; how was it? you and your father shooting quail, the gray day after it had rained all night and the ditch the horses couldn’t cross so you and your father got down and gave the reins to what was his name? the nigger on the mule? Luster. Luster to lead them around the ditch” and he and his father crossed just as the rain began to come down again gray and solid and slow, making no sound, Quentin not aware yet of just where they were because he had been riding with his head lowered against the drizzle, until he looked up the slope before them where the wet yellow sedge died upward into the rain like melting gold and saw the grove, the clump of cedars on the crest of the hill dissolving into the rain as if the trees had been drawn in ink on a wet blotter the cedars beyond which, beyond the ruined fields beyond which, would be the oak grove and the gray huge rotting deserted house half a mile away. Mr Compson had stopped to look back at Luster on the mule, the towsack he had been using for saddle now wrapped around his head, his knees drawn up under it, leading the horses on down the ditch to find a place to cross. “Better get on out of the rain,” Mr Compson said. “He’s not going to come within a hundred yards of those cedars anyway.” They went on up the slope. They could not see the two dogs at all, only the steady furrowing of the sedge where, invisible, the dogs quartered the slope until one of them flung up his head to look back. Mr Compson gestured with his hand toward the trees, he and Quentin following. It was dark among the cedars, the light more dark than gray even, the quiet rain, the faint pearly globules, materialising on the gun barrels and the five headstones like drops of not-quite-congealed meltings from cold candles on the marble: the two flat heavy vaulted slabs, the other three headstones leaning a little awry, with here and there a carved letter or even an entire word momentary and legible in the faint light which the raindrops brought particle by particle into the gloom and released; now the two dogs came in, drifted in like smoke, their hair close-plastered with damp, and curled down in one indistinguishable and apparently inextricable ball for warmth. Both the flat slabs were cracked across the middle by their own weight (and vanishing into the hole where the brick coping of one vault had fallen in was a smooth faint path worn by some small animal possum probably by generations of some small animal since there could have been nothing to eat in the grave for a long time) though the lettering was quite legible: Ellen Coldfield Sutpen. Born October 9, 1817. Died January 23, 1863 and the other: Thomas Sutpen, Colonel, 23rd Mississippi Infantry, C.S.A. Died August 12, 1869: this last, the date, added later, crudely with a chisel, who even dead did not divulge where and when he had been born. Quentin looked at the stones quietly, thinking Not beloved wife of. No. Ellen Coldfield Sutpen “I wouldn’t have thought they would have had any money to buy marble with in 1869,” he said. “He bought them himself,” Mr Compson said. “He bought the two of them while the regiment was in Virginia, after Judith got word to him that her mother was dead. He ordered them from Italy, the best, the finest to be had his wife’s complete and his with the date left blank: and this while on active service with an army which had not only the highest mortality rate of any before or since but which had a custom of electing a new set of regimental officers each year (and by which system he was at the moment entitled to call himself colonel, since he had been voted in and Colonel Sartoris voted out only last summer) so that for all he could know, before his order could be filled or even received he might be already under ground and his grave marked (if at all) by a shattered musket thrust into the earth, or lacking that he might be a second lieutenant or even a private provided of course that his men would have the courage to demote him yet he not only ordered the stones and managed to pay for them, but stranger still he managed to get them past a seacoast so closely blockaded that the incoming runners refused any cargo except ammunition  ” It seemed to Quentin that he could actually see them: the ragged and starving troops without shoes, the gaunt powder-blackened faces looking backward over tattered shoulders, the glaring eyes in which burned some indomitable desperation of undefeat watching that dark interdict ocean across which a grim lightless solitary ship fled with in its hold two thousand precious pounds-space containing not bullets, not even something to eat, but that much bombastic and inert carven rock which for the next year was to be a part of the regiment, to follow it into Pennsylvania and be present at Gettysburg, moving behind the regiment in a wagon driven by the demon’s body servant through swamp and plain and mountain pass, the regiment moving no faster than the wagon could, with starved gaunt men and gaunt spent horses knee deep in icy mud or snow, sweating and cursing it through bog and morass like a piece of artillery, speaking of the two stones as ‘Colonel’ and ‘Mrs Colonel’; then through the Cumberland Gap and down through the Tennessee mountains, travelling at night to dodge Yankee patrols, and into Mississippi in the late fall of ’64, where the daughter waited whose marriage he had interdict and who was to be a widow the next summer though apparently not bereaved, where his wife was dead and his son self-excommunicated and -banished, and put one of the stones over his wife’s grave and set the other upright in the hall of the house, where Miss Coldfield possibly (maybe doubtless) looked at it every day as though it were his portrait, possibly (maybe doubtless here too) reading among the lettering more of maiden hope and virgin expectation than she ever told Quentin about, since she never mentioned the stone to him at all, and (the demon) drank the parched corn coffee and ate the hoe cake which Judith and Clytie prepared for him and kissed Judith on the forehead and said, ‘Well, Clytie’ and returned to the war, all in twenty-four hours; he could see it; he might even have been there. Then he thought No. If I had been there I could not have seen it this plain “But that dont explain the other three,” he said. “They must have cost something too.” “Who would have paid for them?” Mr Compson said. Quentin could feel him looking at him. “Think.” Quentin looked at the three identical headstones with their faint identical lettering, slanted a little in the soft loamy decay of accumulated cedar needles, these decipherable too when he looked close, the first one: Charles Bon. Born in New Orleans, Louisiana. Died at Sutpen’s Hundred, Mississippi, May 3, 1865. Aged 33 years and 5 months. He could feel his father watching him. “She did it,” he said. “With that money she got when she sold the store.” “Yes,” Mr Compson said. Quentin had to stoop and brush away some of the cedar needles to read the next one. As he did so one of the dogs rose and approached him, thrusting its head in to see what he was looking at like a human being would, as if from association with human beings it had acquired the quality of curiosity which is an attribute only of men and apes. “Get away,” he said, thrusting the dog back with one hand while with the other he brushed the cedar needles away, smoothing with his hand into legibility the faint lettering, the graved words: Charles Etienne Saint-Valery Bon. 1859–1884 feeling his father watching him, remarking before he rose that the third stone bore that same date, 1884. “It couldn’t have been the store this time,” he said. “Because she sold the store in ’70, and besides 1884 is the same date that’s on hers” thinking how it would have been terrible for her sure enough if she had wanted to put Beloved Husband of on that first one. “Ah,” Mr Compson said. “That was the one your grandfather attended to. Judith came into town one day and brought him the money, some of it, where she got it from he never knew, unless it was what she had left out of the price of the store which he sold for her; brought the money in with the inscription (except the date of death of course) all written out as you see it, during that three weeks while Clytie was in New Orleans finding the boy to fetch him back though your grandfather of course did not know this, money and inscription not for herself but for him.” “Oh,” Quentin said. “Yes. They lead beautiful lives women. Lives not only divorced from, but irrevocably excommunicated from, all reality. That’s why although their deaths, the instant of dissolution, are of no importance to them since they have a courage and fortitude in the face of pain and annihilation which would make the most spartan man resemble a puling boy, yet to them their funerals and graves, the little puny affirmations of spurious immortality set above their slumber, are of incalculable importance. You had an aunt once (you do not remember her because I never saw her myself but only heard the tale) who was faced with a serious operation which she became convinced she would not survive, at a time when her nearest female kin was a woman between whom and herself there had existed for years one of those bitter inexplicable (to the man mind) amicable enmities which occur between women of the same blood, whose sole worry about departing this world was to get rid of a certain brown dress which she owned and knew that the kinswoman knew she had never liked, which must be burned, not given away but burned in the back yard beneath the window where, by being held up to the window (and suffering excruciating pain) she could see it burned with her own eyes, because she was convinced that after she died the kinswoman, the logical one to take charge, would bury her in it.” “And did she die?” Quentin said. “No. As soon as the dress was consumed she began to mend. She stood the operation and recovered and outlived the kinswoman by several years. Then one afternoon she died peacefully of no particular ailment and was buried in her wedding gown.” “Oh,” Quentin said. “Yes. But there was one afternoon in the summer of ’70 when one of these graves (there were only three here then) was actually watered by tears. Your grandfather saw it; that was the year Judith sold the store and your grandfather attended to it for her and he had ridden out to see her about the matter and he witnessed it: the interlude, the ceremonial widowhood’s bright dramatic pageantry. He didn’t know at the time how the octoroon came to be here, how Judith could even have known about her to write her where Bon was dead. But there she was, with the eleven-year-old boy who looked more like eight. It must have resembled a garden scene by the Irish poet, Wilde: the late afternoon, the dark cedars with the level sun in them, even the light exactly right and the graves, the three pieces of marble (your grandfather had advanced Judith the money to buy the third stone with against the price of the store) looking as though they had been cleaned and polished and arranged by scene shifters who with the passing of twilight would return and strike them and carry them, hollow fragile and without weight, back to the warehouse until they should be needed again; the pageant, the scene, the act, entering upon the stage the magnolia-faced woman a little plumper now, a woman created of by and for darkness whom the artist Beardsley might have dressed, in a soft flowing gown designed not to infer bereavement or widowhood but to dress some interlude of slumbrous and fatal insatiation, of passionate and inexorable hunger of the flesh, walking beneath a lace parasol and followed by a bright gigantic negress carrying a silk cushion and leading by the hand the little boy whom Beardsley might not only have dressed but drawn a thin delicate child with a smooth ivory sexless face who, after his mother handed the negress the parasol and took the cushion and knelt beside the grave and arranged her skirts and wept, never released the negress’ apron but stood blinking quietly who, having been born and lived all his life in a kind of silken prison lighted by perpetual shaded candles, breathing for air the milklike and absolutely physical lambence which his mother’s days and hours emanated, had seen little enough of sunlight before, let alone out-of-doors, trees and grass and earth; and last of all, the other woman, Judith (who, not bereaved, did not need to mourn Quentin thought, thinking Yes, I have had to listen too long) who stood just inside the cedars, in the calico dress and the sunbonnet to match it, both faded and shapeless the calm face, the hands which could plow or cut wood and cook or weave cloth folded before her, standing in the attitude of an indifferent guide in a museum, waiting, probably not even watching. Then the negress came and handed the octoroon a crystal bottle to smell and helped her to rise and took up the silk cushion and gave the octoroon the parasol and they returned to the house, the little boy still holding to the negress’ apron, the negress supporting the woman with one arm and Judith following with that face like a mask or like marble, back to the house, across the tall scaling portico and into the house where Clytie was cooking the eggs and the cornbread on which she and Judith lived. “She stayed a week. She passed the rest of that week in the one remaining room in the house whose bed had linen sheets, passed it in bed, in the new lace and silk and satin negligees subdued to the mauve and lilac of mourning that room airless and shuttered, impregnated behind the sagging closed blinds with the heavy fainting odor of her flesh, her days, her hours, her garments, of eau-de-cologne from the cloth upon her temples, of the crystal phial which the negress alternated with the fan as she sat beside the bed between trips to the door to receive the trays which Clytie carried up the stairs Clytie, who did that fetching and carrying as Judith made her, who must have perceived whether Judith told her or not that it was another negro whom she served, yet who served the negress just as she would quit the kitchen from time to time and search the rooms downstairs until she found that little strange lonely boy sitting quietly on a straight hard chair in the dim and shadowy library or parlor, with his four names and his sixteenth-part black blood and his expensive esoteric Fauntleroy clothing who regarded with an aghast fatalistic terror the grim coffee-colored woman who would come on bare feet to the door and look in at him, who gave him not teacakes but the coarsest cornbread spread with as coarse molasses (this surreptitiously, not that the mother or the duenna might object, but because the household did not have food for eating between meals), gave it to him, thrust it at him with restrained savageness, and who found him one afternoon playing with a negro boy about his own size in the road outside the gates and cursed the negro child out of sight with level and deadly violence and sent him, the other, back to the house in a voice the very absence from which of vituperation or rage made it seem just that much more deadly and cold. “Yes, Clytie, who stood impassive beside the wagon on that last day, following the second ceremonial to the grave with the silk cushion and the parasol and the smelling-bottle, when mother and child and duenna departed for New Orleans. And your grandfather never knew if it was Clytie who watched, kept in touch by some means, waited for the day, the moment, to come, the hour when the little boy would be an orphan, and so went herself to fetch him; or if it was Judith who did the waiting and the watching and sent Clytie for him that winter, that December of 1871; Clytie who had never been further from Sutpen’s Hundred than Jefferson in her life, yet who made that journey alone to New Orleans and returned with the child, the boy of twelve now and looking ten, in one of the outgrown Fauntleroy suits but with a new oversize overall jumper coat which Clytie had bought for him (and made him wear, whether against the cold or whether not your grandfather could not say either) over it and what else he owned tied up in a bandana handkerchief this child who could speak no English as the woman could speak no French who had found him, hunted him down, in a French city and brought him away, this child with a face not old but without age, as if he had had no childhood, not in the sense that Miss Rosa Coldfield says she had no childhood, but as if he had not been human born but instead created without agency of man or agony of woman and orphaned by no human being (your grandfather said you did not wonder what had become of the mother, you did not even care: death or elopement or marriage: who would not grow from one metamorphosis dissolution or adultery to the next carrying along with her all the old accumulated rubbish-years which we call memory, the recognisable I, but changing from phase to phase as the butterfly changes once the cocoon is cleared, carrying nothing of what was into what is, leaving nothing of what is behind but eliding complete and intact and unresisting into the next avatar as the overblown rose or magnolia elides from one rich June to the next, leaving no bones, no substance, no dust of whatever dead pristine soulless rich surrender anywhere between sun and earth) but produced complete and subject to no microbe in that cloyed and scented maze of shuttered silk as if he were the delicate and perverse spirit-symbol, immortal page of the ancient immortal Lilith, entering the actual world not at the age of one second but of twelve years, the delicate garments of his pagehood already half concealed beneath that harsh and shapeless denim cut to an iron pattern and sold by the millions that burlesque uniform and regalia of the tragic burlesque of the sons of Ham; a slight silent child who could not even speak English, picked suddenly up out of whatever debacle the only life he knew had disintegrated into, by a creature whom he had seen once and learned to dread and fear yet could not flee, held helpless and passive in a state which must have been some incredible compound of horror and trust, since although he could not even talk to her (they made, they must have made, that week’s journey by steamboat among the cotton bales on the freight deck, eating and sleeping with negroes, where he could not even tell his companion when he was hungry or when he had to relieve himself) and so could have only suspected, surmised, where she was taking him, could have known nothing certainly except that all he had ever been familiar with was vanishing about him like smoke, yet he made no resistance, returning quietly and docilely to that decaying house which he had seen one time, where the fierce brooding woman who had come and got him lived with the calm white one who was not even fierce, who was not anything except calm, who to him did not even have a name yet who was somehow so closely related to him as to be the owner of the one spot on earth where he had ever seen his mother weep; returned, crossed that strange threshold, that irrevocable demarcation, not led, not dragged, but driven and herded by that stern implacable presence, into that gaunt and barren household where his very silken remaining clothes, his delicate shirt and stockings and shoes which still remained to remind him of what he had once been, vanished, fled from arms and body and legs as if they had been woven of chimaeras or of smoke. Yes, sleeping in the trundle bed beside Judith’s, beside that of the woman who looked upon him and treated him with a cold unbending detached gentleness more discouraging than the fierce ruthless constant guardianship of the negress who, with a sort of invincible spurious humility slept on a pallet on the floor, the child lying there between them unasleep in some hiatus of passive and hopeless despair aware of this, aware of the woman on the bed whose every look and action toward him, whose every touch of the capable hands seemed at the moment of touching his body to lose all warmth and become imbued with cold implacable antipathy, and the woman on the pallet upon whom he had already come to look as might some delicate talonless and fangless wild beast crouched in its cage in some hopeless and desperate similitude of ferocity (and your grandfather said, ‘Suffer little children to come unto Me’: and what did He mean by that? how, if He meant that little children should need to be suffered to approach Him, what sort of earth had He created; that if they had to suffer in order to approach Him, what sort of heaven did He have?) look upon the human creature who feeds it, who fed him, thrust food which he himself could discern to be the choicest of what they had, food which he realised had been prepared for him by deliberate sacrifice, with that curious blend of savageness and pity, of yearning and hatred; who dressed him and washed him, thrust him into tubs of water too hot or too cold yet against which he dared make no outcry, and scrubbed him with harsh rags and soap, sometimes scrubbing at him with repressed fury as if she were trying to wash the smooth faint olive tinge from his skin as you might watch a child scrubbing at a wall long after the epithet, the chalked insult, has been obliterated; lying there unsleeping in the dark between them, feeling them unasleep too, feeling them thinking about him, projecting about him and filling the thunderous solitude of his despair louder than speech could: You are not up here in this bed with me, where through no fault nor willing of your own you should be, and you are not down here on this pallet floor with me, where through no fault nor willing of your own you must and will be, not through any fault or willing of our own who would not what we cannot just as we will and wait for what must be. “And your grandfather did not know either just which of them it was who told him that he was, must be, a negro, who could neither have heard yet nor recognised the term ‘nigger’, who even had no word for it in the tongue he knew who had been born and grown up in a padded silken vacuum cell which might have been suspended on a cable a thousand fathoms in the sea, where pigmentation had no more moral value than the silk walls and the scent and the rose-colored candle shades, where the very abstractions which he might have observed monogamy and fidelity and decorum and gentleness and affection were as purely rooted in the flesh’s offices as the digestive processes. Your grandfather did not know if he was sent from the trundle bed at last or if he quitted it by his own wish and will; if when the time came when his loneliness and grief became calloused, he retired himself from Judith’s bedroom or was sent from it, to sleep in the hall (where Clytie had likewise moved her pallet) though not on a pallet like her but on a cot, elevated still and perhaps not by Judith’s decree either but by the negress’ fierce inexorable spurious humility; and then in the attic, the cot moved there, the few garments (the rags of the silk and broadcloth in which he had arrived, the harsh jeans and homespun which the two women bought and made for him, he accepting them with no thanks, no comment, accepting his garret room with no thanks, no comment, asking for and making no alteration in its spartan arrangements that they knew of until that second year when he was fourteen and one of them, Clytie or Judith, found hidden beneath his mattress the shard of broken mirror: and who to know what hours of amazed and tearless grief he might have spent before it, examining himself in the delicate and outgrown tatters in which he perhaps could not even remember himself, with quiet and incredulous incomprehension) hanging behind a curtain contrived of a piece of old carpet nailed across a corner. And Clytie sleeping in the hall below, barring the foot of the attic stairs, guarding his escape or exit as inexorably as a Spanish duenna, teaching him to chop wood and to work the garden and then to plow as his strength (his resiliency rather, since he would never be other than light in the bone and almost delicate) increased the boy with his light bones and womanish hands struggling with what anonymous avatar of intractable Mule, whatever tragic and barren clown was his bound fellow and complement beneath his first father’s curse, getting the hang of it gradually and the two of them, linked by the savage steel-and-wood male symbol, ripping from the prone rich female earth corn to feed them both while Clytie watched, never out of sight of him, with that brooding fierce unflagging jealous care, hurrying out whenever anyone white or black stopped in the road as if to wait for the boy to complete the furrow and pause long enough to be spoken to, sending the boy on with a single quiet word or even gesture a hundred times more fierce than the level murmur of vituperation with which she drove the passerby on. So he (your grandfather) believed that it was neither of them. Not Clytie, who guarded him as if he were a Spanish virgin, who even before she could have even suspected that he would ever come there to live, had interrupted his first contact with a nigger and sent him back to the house; not Judith, who could have refused at any time to let him sleep in that white child’s bed in her room, who even if she could not have reconciled herself to his sleeping on the floor could have forced Clytie to take him into another bed with her, who would have made a monk, a celibate, of him perhaps yet not a eunuch, who may not have permitted him to pass himself for a foreigner, yet who certainly would not have driven him to consort with negroes. Your grandfather didn’t know, even though he did know more than the town, the countryside, knew, which was that there was a strange little boy living out there who had apparently emerged from the house for the first time at the age of about twelve years, whose presence was not even unaccountable to the town and county since they now believed they knew why Henry had shot Bon and they wondered only where and how Clytie and Judith had managed to keep him concealed all the time, believing now that it had been a widow who had buried Bon even though she had no paper to show for it, and only the incredulous (and shocked) speculation of your grandfather who, though he had that hundred dollars and the written directions in Judith’s hand for this fourth tombstone in his safe at the time, had not yet associated the boy with the child he had seen two years ago when the octoroon came there to weep at the grave, to believe that the child might be Clytie’s, got by its father on the body of his own daughter a boy seen always near the house with Clytie always nearby, then a youth learning to plow and Clytie somewhere nearby too and it soon well known with what grim and unflagging alertness she discovered and interrupted any attempt to speak to him, and only your grandfather to couple at last the boy, the youth, with the child who had been there three or four years ago to visit that grave; your grandfather to whose office Judith came that afternoon five years later and he could not remember when he had seen her in Jefferson before the woman of forty now, in the same shapeless calico and faded sunbonnet, who would not even sit down, who despite the impenetrable mask which she used for face emanated a terrible urgency, who insisted that they walk on toward the courthouse while she talked, told him, toward the crowded room where the justice’s court sat, the crowded room which they entered and your grandfather saw him, the boy (only a man now) handcuffed to an officer, his other arm in a sling and his head bandaged since they had taken him to the doctor first, your grandfather gradually learning what had happened or as much of it as he could since the Court itself couldn’t get very much out of the witnesses, the ones who had fled and sent for the sheriff, the ones (excepting that one whom he had injured too badly to be present) with whom he had fought a negro ball held in a cabin a few miles from Sutpen’s Hundred and he there, present and your grandfather never to know how often he had done this before, whether he had gone there to engage in the dancing or for the dice game in progress in the kitchen where the trouble started, trouble which he and not the negroes started according to the witnesses and for no reason, no accusation of cheating, nothing; and he making no denial, saying nothing, refusing to speak at all, sitting there sullen pale and silent: so that at this point all truth, evidence vanished into a moiling clump of negro backs and heads and black arms and hands clutching sticks of stove wood and cooking implements and razors, the white man the focal point of it and using a knife which he had produced from somewhere, clumsily, with obvious lack of skill and practice, yet with deadly earnestness and a strength which his slight build denied, a strength composed of sheer desperate will and imperviousness to the punishment, the blows and slashes which he took in return and did not even seem to feel; no cause, no reason for it; none to ever know exactly what happened, what curses and ejaculations which might have indicated what it was that drove him and only your grandfather to fumble, grope, grasp the presence of that furious protest, that indictment of heaven’s ordering, that gage flung into the face of what is with a furious and indomitable desperation which the demon himself might have shown, as if the child and then the youth had acquired it from the walls in which the demon had lived, the air which he had once walked in and breathed until that moment when his own fate which he had dared in his turn struck back at him; only your grandfather to sense that because the justice and the others present did not recognise him, did not recognise this slight man with his bandaged head and arm, his sullen impassive (and now bloodless) olive face, who refused to answer any questions, make any statement: so that the justice (Jim Hamblett it was) was already making his speech of indictment when your grandfather entered, utilising opportunity and audience to orate, his eyes already glazed with that cessation of vision of people who like to hear themselves talk in public: ‘At this time, while our country is struggling to rise from beneath the iron heel of a tyrant oppressor, when the very future of the South as a place bearable for our women and children to live in depends on the labor of our own hands, when the tools which we have to use, to depend on, are the pride and integrity and forbearance of black men and the pride and integrity and forbearance of white; that you, I say, a white man, a white  ’ and your grandfather trying to reach him, stop him, trying to push through the crowd, saying, ‘Jim. Jim. Jim!’ and it already too late, as if Hamblett’s own voice had waked him at last or as if someone had snapped his fingers under his nose and waked him, he looking at the prisoner now but saying ‘white’ again even while his voice died away as if the order to stop the voice had been shocked into short circuit, and every face in the room turned toward the prisoner as Hamblett cried, ‘What are you? Who and where did you come from?’ “Your grandfather got him out, quashed the indictment and paid the fine and brought him back to his office and talked to him while Judith waited in the anteroom. ‘You are Charles Bon’s son,’ he said. ‘I dont know,’ the other answered, harsh and sullen. ‘You dont remember?’ your grandfather said. The other did not answer. Then your grandfather told him he must go away, disappear, giving him money to go on: ‘Whatever you are, once you are among strangers, people who dont know you, you can be whatever you will. I will make it all right; I will talk to to  What do you call her?’ And he had gone too far now, but it was too late to stop; he sat there and looked at that still face which had no more expression than Judith’s, nothing of hope nor pain: just sullen and inscrutable and looking down at the calloused womanish hands with their cracked nails which held the money while your grandfather thought how he could not say ‘Miss Judith’, since that would postulate the blood more than ever. Then he thought I dont even know whether he wants to hide it or not So he said Miss Sutpen. ‘I will tell Miss Sutpen, not where you are going of course, because I wont know that myself. But just that you are gone and that I knew you were going and that you will be all right.’ “So he departed, and your grandfather rode out to tell Judith, and Clytie came to the door and looked full and steadily at his face and said nothing and went to call Judith, and your grandfather waited in that dim shrouded parlor and knew that he would not have to tell either of them. He did not have to. Judith came presently and stood and looked at him and said, ‘I suppose you wont tell me.’ ‘Not wont, cant,’ your grandfather said. ‘But not now because of any promise I made him. But he has money; he will be  ’ and stopped, with that forlorn little boy invisible between them who had come there eight years ago with the overall jumper over what remained of his silk and broadcloth, who had become the youth in the uniform the tattered hat and the overalls of his ancient curse, who had become the young man with a young man’s potence yet was still that lonely child in his parchment-and-denim hairshirt, and your grandfather speaking the lame vain words, the specious and empty fallacies which we call comfort, thinking Better that he were dead, better that he had never lived: then thinking what vain and empty recapitulation that would be to her if he were to say it, who doubtless had already said it, thought it, changing only the person and the number. He returned to town. And now, next time, he was not sent for; he learned it as the town learned it: by that country grapevine whose source is among negroes, and he, Charles Etienne Saint-Valery Bon, already returned (not home again; returned) before your grandfather learned how he had come back, appeared, with a coal black and ape-like woman and an authentic wedding license, brought back by the woman since he had been so severely beaten and mauled recently that he could not even hold himself on the spavined and saddleless mule on which he rode while his wife walked beside it to keep him from falling off; rode up to the house and apparently flung the wedding license in Judith’s face with something of that invincible despair with which he had attacked the negroes in the dice game. And none ever to know what incredible tale lay behind that year’s absence which he never referred to and which the woman who, even a year later and after their son was born, still existed in that aghast and automaton like state in which she had arrived, did not, possibly could not, recount but which she seemed to exude gradually and by a process of terrific and incredulous excretion like the sweat of fear or anguish: how he had found her, dragged her out of whatever two dimensional backwater (the very name of which, town or village, she either had never known or the shock of her exodus from it had driven the name forever from her mind and memory) her mentality had been capable of coercing food and shelter from, and married her, held her very hand doubtless while she made the laborious cross on the register before she even knew his name or knew that he was not a white man (and this last none knew even now if she knew for certain, even after the son was born in one of the dilapidated slave cabins which he rebuilt after renting his parcel of land from Judith); how there followed something like a year composed of a succession of periods of utter immobility like a broken cinema film, which the white-colored man who had married her spent on his back recovering from the last mauling he had received, in frowsy stinking rooms in places towns and cities which likewise had no names to her, broken by other periods, intervals, of furious and incomprehensible and apparently reasonless moving, progression a maelstrom of faces and bodies through which the man thrust, dragging her behind him, toward or from what, driven by what fury which would not let him rest, she did not know, each one to end, finish, as the one before it had so that it was almost a ritual the man apparently hunting out situations in order to flaunt and fling the ape-like body of his charcoal companion in the faces of all and any who would retaliate: the negro stevedores and deckhands on steamboats or in city honky-tonks who thought he was a white man and believed it only the more strongly when he denied it; the white men who, when he said he was a negro, believed that he lied in order to save his skin, or worse: from sheer besotment of sexual perversion; in either case the result the same: the man with body and limbs almost as light and delicate as a girl’s giving the first blow, usually unarmed and heedless of the numbers opposed to him, with that same fury and implacability and physical imperviousness to pain and punishment, neither cursing nor panting, but laughing. “So he showed Judith the license and took his wife, already far gone with the child, to the ruined cabin which he had chosen to repair and installed her, kenneled her with a gesture perhaps, and returned to the house. And nobody to know what transpired that evening between him and Judith, in whatever carpetless room furnished with whatever chairs and such which they had not had to chop up and burn to cook food or for warmth or maybe to heat water for illness from time to time the woman who had been widowed before she had been a bride, the son of the man who had bereaved her and a hereditary negro concubine, who had not resented his black blood so much as he had denied the white, and this with a curious and outrageous exaggeration in which was inherent its own irrevocability, almost exactly as the demon himself might have done it. (Because there was love Mr Compson said There was that letter she brought and gave to your grandmother to keep He (Quentin) could see it, as plainly as he saw the one open upon the open text book on the table before him, white in his father’s dark hand against his linen leg in the September twilight where the cigar-smell, the wistaria-smell, the fireflies drifted, thinking Yes. I have heard too much, I have been told too much; I have had to listen to too much, too long thinking Yes, almost exactly like Father: that letter, and who to know what moral restoration she might have contemplated in the privacy of that house, that room, that night, what hurdling of iron old traditions since she had seen almost everything else she had learned to call stable vanish like straws in a gale; she sitting there beside the lamp in a straight chair, erect, in the same calico save that the sunbonnet would be missing now, the head bare now, the once coal-black hair streaked with gray now while he faced her, standing. He would not have sat; perhaps she would not even have asked him to, and the cold level voice would not be much louder than the sound of the lamp’s flame: ‘I was wrong. I admit it. I believed that there were things which still mattered just because they had mattered once. But I was wrong. Nothing matters but breath, breathing, to know and to be alive. And the child, the license, the paper. What about it? That paper is between you and one who is inescapably negro; it can be put aside, no one will anymore dare bring it up than any other prank of a young man in his wild youth. And as for the child, all right. Didn’t my own father beget one? and he none the worse for it? We will even keep the woman and the child if you wish; they can stay here and Clytie will …’ watching him, staring at him yet not moving, immobile, erect, her hands folded motionless on her lap, hardly breathing as if he were some wild bird or beast which might take flight at the expansion and contraction of her nostrils or the movement of her breast: ‘No: I. I will. I will raise it, see that it … It does not need to have any name; you will neither have to see it again nor to worry. We will have General Compson sell some of the land; he will do it, and you can go. Into the North, the cities, where it will not matter even if  But they will not. They will not dare. I will tell them that you are Henry’s son and who could or would dare to dispute  ’ and he standing there, looking at her or not looking at her she cannot tell since his face would be lowered the still expressionless thin face, she watching him, not daring to move, her voice murmuring, clear enough and full enough yet hardly reaching him: ‘Charles’: and he: ‘No, Miss Sutpen’: and she again, still without moving, not stirring so much as a muscle, as if she stood on the outside of the thicket into which she had cajoled the animal which she knew was watching her though she could not see it, not quite cringing, not in any terror or even alarm but in that restive light incorrigibility of the free which would leave not even a print on the earth which lightly bore it and she not daring to put out the hand with which she could have actually touched it but instead just speaking to it, her voice soft and swooning, filled with that seduction, that celestial promise which is the female’s weapon: ‘Call me Aunt Judith, Charles’) Yes, who to know if he said anything or nothing, turning, going out, she still sitting there, not moving, not stirring, watching him, still seeing him, penetrating walls and darkness too to watch him walk back down the weedy lane between the deserted collapsed cabins toward that one where his wife waited, treading the thorny and flint-paved path toward the Gethsemane which he had decreed and created for himself, where he had crucified himself and come down from his cross for a moment and now returned to it. “Not your grandfather. He knew only what the town, the county, knew: that the strange little boy whom Clytie had used to watch and had taught to farm, who had sat, a grown man, in the justice’s court that day with his head bandaged and one arm in a sling and the other in a handcuff, who had vanished and then returned with an authentic wife resembling something in a zoo, now farmed on shares a portion of the Sutpen plantation, farmed it pretty well, with solitary and steady husbandry within his physical limitations, the body and limbs which still looked too light for the task which he had set himself, who lived like a hermit in the cabin which he rebuilt and where his son was presently born, who consorted with neither white nor black (Clytie did not watch him now; she did not need to) and who was not seen in Jefferson but three times during the next four years and then to appear, be reported by the negroes who seemed to fear either him or Clytie or Judith, as being either blind or violently drunk in the negro store district on Depot Street, where your grandfather would come and take him away (or if he were too drunk, had become violent, the town officers) and keep him until his wife, the black gargoyle, could hitch the team back into the wagon and come, with nothing alive about her but her eyes and hands, and load him into it and take him home. So they did not even miss him from town at first; it was the County Medical Officer who told your grandfather that he had yellow fever and that Judith had had him moved into the big house and was nursing him and now Judith had the disease too, and your grandfather told him to notify Miss Coldfield and he (your grandfather) rode out there one day. He did not dismount; he sat his horse and called until Clytie looked down at him from one of the upper windows and told him ‘they didn’t need nothing’. Within the week your grandfather learned that Clytie had been right, or was right now anyway, though it was Judith who died first.” “Oh,” Quentin said. Yes he thought Too much, too long remembering how he had looked at the fifth grave and thought how whoever had buried Judith must have been afraid that the other dead would contract the disease from her, since her grave was at the opposite side of the enclosure, as far from the other four as the enclosure would permit, thinking Father wont have to say ‘think’ this time because he knew who had ordered and bought that headstone before he read the inscription on it, thinking about, imagining what careful printed directions Judith must have roused herself (from delirium possibly) to write down for Clytie when she knew that she was going to die; and how Clytie must have lived during the next twelve years while she raised the child which had been born in the old slave cabin and scrimped and saved the money to finish paying out the stone on which Judith had paid his grandfather the hundred dollars twenty-four years ago and which, when his grandfather tried to refuse it, she (Clytie) set the rusty can full of nickels and dimes and frayed paper money on the desk and walked out of the office without a word. He had to brush the clinging cedar needles from this one also to read it, watching these letters also emerge beneath his hand, wondering quietly how they could have clung there, not have been blistered to ashes at the instant of contact with the harsh and unforgiving threat: Judith Coldfield Sutpen. Daughter of Ellen Coldfield. Born October 3, 1841. Suffered the Indignities and Travails of this World for 42 Years, 4 Months, 9 Days, and went to Rest at Last February 12, 1884. Pause, Mortal; Remember Vanity and Folly and Beware thinking (Quentin) Yes. I didn’t need to ask who invented that, put that one up thinking Yes, to too much, too long. I didn’t need to listen then but I had to hear it and now I am having to hear it all over again because he sounds just like Father: Beautiful lives women do. In very breathing they draw meat and drink from some beautiful attenuation of unreality in which the shades and shapes of facts of birth and bereavement, of suffering and bewilderment and despair move with the substanceless decorum of lawn party charades, perfect in gesture and without significance or any ability to hurt. Miss Rosa ordered that one. She decreed that headstone of Judge Benbow. He had been the executor of her father’s estate, appointed by no will since Mr Coldfield left neither will nor estate except the house and the rifled shell of the store. So he appointed himself, elected himself probably out of some conclave of neighbors and citizens who came together to discuss her affairs and what to do with her after they realised that nothing under the sun, certainly no man nor committee of men, would ever persuade her to go back to her niece and brother-in-law the same citizens and neighbors who left baskets of food on her doorstep at night, the dishes (the plates containing the food, the napkins which covered it) from which she never washed but returned soiled to the empty basket and set the basket back on the same step where she had found it as if to carry completely out the illusion that it had never existed or at least that she had never touched, emptied, it, had not come out and taken the basket up with that air which had nothing whatever of furtiveness in it nor even defiance, who doubtless tasted the food, criticised its quality or cooking, chewed and swallowed it and felt it digest yet still clung to that delusion, that calm incorrigible insistence that that which all incontrovertible evidence tells her is so does not exist, as women can; that same self deluding which declined to admit that the liquidation of the store had left her something, that she had been left anything but a complete pauper, who would not accept the actual money from the sale of the store from Judge Benbow yet would accept the money’s value (and after a few years, over-value) in a dozen ways: would use casual negro boys who happened to pass the house, stopping them and commanding them to rake her yard and they doubtless as aware as the town was that there would be no mention of pay from her, that they would not even see her again though they knew she was watching them from behind the curtains of a window, but that Judge Benbow would pay them would enter the stores and command objects from the shelves and showcases exactly as she commanded that two hundred dollar headstone from Judge Benbow, and walk out of the store with them who with the same aberrant cunning which would not wash the dishes and napkins from the baskets declined to have any discussion of her affairs with Benbow since she must have known that the sums which she had received from him must have years ago over-balanced (he, Benbow, had in his office a portfolio, a fat one, with Estate of Goodhue Coldfield. Private written across it in indelible ink. After the Judge died his son Percy opened it. It was filled with racing forms and cancelled betting tickets on horses whose very bones were no man knew where now, which had won and lost races on the Memphis track forty years ago, and a ledger, a careful tabulation in the Judge’s hand, each entry indicating the date and the horse’s name and his wager and whether he won or lost; and another one showing how for forty years he had put each winning and an amount equal to each loss, to that mythical account) whatever the store had brought But you were not listening, because you knew it all already, had learned, absorbed it already without the medium of speech somehow from having been born and living beside it, with it, as children will and do: so that what your father was saying did not tell you anything so much as it struck, word by word, the resonant strings of remembering, who had been here before, seen those graves more than once in the rambling expeditions of boyhood whose aim was more than the mere hunting of game, just as you had seen the old house too, been familiar with how it would look before you even saw it, became large enough to go out there one day with four or five other boys of your size and age and dare one another to evoke the ghost, since it would have to be haunted, could not but be haunted although it had stood there empty and unthreatening for twenty-six years and nobody to meet or report any ghost until the wagon full of strangers moving from Arkansas tried to stop and spend the night in it and something happened before they could begin to unload the wagon even, what they did not or could not or would not tell but which had them back in the wagon and the mules going back down the drive at a gallop, all in about ten minutes, not to stop until they reached Jefferson the rotting shell with its sagging portico and scaling walls, its sagging blinds and blank-shuttered windows, set in the middle of the domain which had reverted to the state and had been bought and sold and bought and sold again and again and again. No, you were not listening; you didn’t have to: then the dogs stirred, rose; you looked up and sure enough, just as your father had said he would, Luster had halted the mule and the two horses in the rain about fifty yards from the cedars, sitting there with his knees drawn up under the towsack and enclosed by the cloudy vapor of the steaming animals as though he were looking at you and your father out of some lugubrious and painless purgatory. ‘Come on in out of the rain, Luster,’ your father said. ‘I wont let the old Colonel hurt you.’ ‘Yawl come on and less go home,’ Luster said. ‘Aint no more hunting today.’ ‘We’ll get wet,’ your father said. ‘I’ll tell you what: we’ll ride on over to that old house. We can keep good and dry there.’ But Luster didn’t budge, sitting there in the rain and inventing reasons not to go to the house that the roof would leak or that you would all three catch cold with no fire or that you would all get so wet before you reached it that the best thing to do would be to go straight home: and your father laughing at Luster but you not laughing so much because even though you were not black like Luster was, you were not any older, and you and Luster had both been there that day when the five of you, the five boys all of an age, began daring one another to enter the house long before you reached it, coming up from the rear, into the old street of the slave quarters a jungle of sumach and persimmon and briers and honeysuckle, and the rotting piles of what had once been log walls and stone chimneys and shingle roofs among the undergrowth except one, that one; you coming up to it; you didn’t see the old woman at all at first because you were watching the boy, the Jim Bond, the hulking slack-mouthed saddle-colored boy a few years older and bigger than you were, in patched and faded yet quite clean shirt and overalls too small for him, working in the garden patch beside the cabin: so you didn’t even know she was there until all of you started and whirled as one and found her watching you from a chair tilted back against the cabin wall a little dried-up woman not much bigger than a monkey and who might have been any age up to ten thousand years, in faded voluminous skirts and an immaculate headrag, her bare coffee-colored feet wrapped around the chair rung like monkeys do, smoking a clay pipe and watching you with eyes like two shoe buttons buried in the myriad wrinkles of her coffee-colored face, who just looked at you and said without even removing the pipe and in a voice almost like a white woman’s: ‘What do you want?’ and after a moment one of you said ‘Nothing’ and then you were all running without knowing which of you began to run first nor why since you were not scared, back across the fallow and rain-gutted and brier-choked old fields until you came to the old rotting snake fence and crossed it, hurled yourselves over it, and then the earth, the land, the sky and trees and woods, looked different again, all right again “Yes,” Quentin said. “And that was the one Luster was talking about now,” Shreve said. “And your father watching you again because you hadn’t heard the name before, hadn’t even thought that he must have a name that day when you saw him in the vegetable patch, and you said, ‘Who? Jim what?’ and Luster said, ‘Das him. Bright-colored boy whut stay wid dat ole woman’ and your father still watching you and you said, ‘Spell it’ and Luster said, ‘Dat’s a lawyer word. Whut dey puts you under when de Law ketches you. I des spells readin words.’ And that was him, the name Bond now and he wouldn’t care about that, who had inherited what he was from his mother and only what he could never have been from his father, and if your father had asked him if he was Charles Bon’s son he not only would not have known either, he wouldn’t have cared: and if you had told him he was, it would have touched and then vanished from what you (not he) would have had to call his mind long before it could have set up any reaction at all, either of pride or pleasure, anger or grief?” “Yes,” Quentin said. “And that he lived in that cabin behind the haunted house for twenty-six years, he and the old woman who must be more than seventy now yet who had no white hair under that headrag, whose flesh had not sagged but looked instead like she had grown old up to a certain point just like normal people do, then had stopped, and instead of turning gray and soft she had begun to shrink so that the skin of her face and hands broke into a million tiny cross-hair wrinkles and her body just grew smaller and smaller like something being shrunk in a furnace, like the Bornese do their captured heads who might well have been the ghost if one was ever needed, if anybody ever had so little else to do as to prowl around the house, which there was not; if there could have been anything in it to protect from prowlers, which there was not; if there had been anyone of them left to hide or need concealment in it, which there was not. And yet this old gal, this Aunt Rosa, told you that someone was hiding out there and you said it was Clytie or Jim Bond and she said No and you said it would have to be because the demon was dead and Judith was dead and Bon was dead and Henry gone so far he hadn’t even left a grave: and she said No and so you went out there, drove the twelve miles at night in a buggy and you found Clytie and Jim Bond both in it and you said You see? and she (the Aunt Rosa) still said No and so you went on: and there was?” “Yes.” “Wait then,” Shreve said. “For God’s sake wait.”)"
"(“The demon, hey?” Shreve said. Quentin did not answer him, did not pause, his voice level, curious, a little dreamy yet still with that overtone of sullen bemusement, of smoldering outrage: so that Shreve, still too, resembling in his spectacles and nothing else (from the waist down the table concealed him; anyone entering the room would have taken him to be stark naked) a baroque effigy created out of colored cake dough by someone with a faintly nightmarish affinity for the perverse, watched him with thoughtful and intent curiosity.)"
(and maybe Colonel Sutpen too)
"(“Maybe he had a girl,” Shreve said. “Or maybe he just wanted a girl. You said the demon and the niggers didn’t have but two.” Quentin did not answer this either; again he might not have heard, talking in that curious repressed calm voice as though to the table before him or the book upon it or the letter upon the book or his hands lying on either side of the book.)"
(he was young then too)
"(“Not in West Virginia,” Shreve said. “ What?” Quentin said. “Not in West Virginia,” Shreve said. “Because if he was twenty-five years old in Mississippi in 1833, he was born in 1808. And there wasn’t any West Virginia in 1808 because ” “All right,” Quentin said. “ West Virginia wasn’t admitted ” “All right all right,” Quentin said. “ into the United States until ” “All right all right all right,” Quentin said.)"
(certainly no belief or thought that someday he might)
"(lucky, he may have called it: or maybe he called lucky, rich)"
(so he told Grandfather)
(he told Grandfather this too)
(when the ship from the Old Bailey reached Jamestown probably)
(he said something to Grandfather about his mother dying about that time and how his pap said she was a fine wearying woman and that he would miss her; and something about how it was the wife that had got his father even that far West)
"(“The demon,” Shreve said)"
(he was ten then; the two older boys had left home some time before and had not been heard of since)
"(except that one of the older girls who had left the cabin unmarried was still unmarried when they finally stopped, though she had become a mother before they lost the last blue mountain range)"
"(you couldn’t call it a period because as he remembered it or as he told Grandfather he did, it didn’t have either a definite beginning or a definite ending. Maybe attenuation is better)"
"(and this one time by a huge bull of a nigger, the first black man, slave, they had ever seen, who emerged with the old man over his shoulder like a sack of meal and his the nigger’s mouth loud with laughing and full of teeth like tombstones)"
"(and it now spring and now summer and they still moving on toward a place they had never seen and had no conception of, let alone wanted to go to; and from a place, a little lost spot on the side of a hill back to which probably not one of them excepting possibly the usually insensible father who made one stage of the journey accompanied by the raspberry-colored elephants and snakes which he seems to have been hunting for could have led the way)"
(so that now they began to make really pretty good time)
(so he said)
"(maybe a year, the year, since that was when he became confused about his age and was never able to straighten it out again, so that he told Grandfather that he did not know within a year on either side just how old he was)"
"(though the number of them, despite the efforts of the unmarried sister who pretty soon, so he told Grandfather, and still without any wedding had another baby, decreasing, thinning out, because of the climate, the warmth, the dampness)"
"(the old man did something too, something besides drink now. At least, he would leave the cabin after breakfast and return sober to supper, and he fed them somehow)"
(he told how he would creep up among the tangled shrubbery of the lawn and lie hidden and watch the man)
(he was eleven or twelve or thirteen now because this was where he realised that he had irrevocably lost count of his age)
"(other whites like them, who lived in other cabins not quite as well built and not at all as well kept and preserved as the ones the nigger slaves lived in but still nimbused with freedom’s bright aura, which the slave quarters were not for all their sound roofs and white wash)"
(or did not say)
(or maybe supposed to do)
"(you knew that you could hit them, he told Grandfather, and they would not hit back or even resist. But you did not want to, because they (the niggers) were not it, not what you wanted to hit; that when you hit them you would just be hitting a child’s toy balloon with a face painted on it, a face slick and smooth and distended and about to burst into laughing and so you did not dare strike it because it would merely burst and you would rather let it walk on out of your sight than to have stood there in the loud laughing)"
"(“Or maybe even in Charleston,” Shreve breathed.)"
(he said)
"(the innocence, not the man, the tradition)"
"(Not the monkey nigger. It was not the nigger anymore than it had been the nigger that his father had helped to whip that night. The nigger was just another balloon face slick and distended with that mellow loud and terrible laughing so that he did not dare to burst it, looking down at him from within the half closed door during that instant in which, before he knew it, something in him had escaped and he unable to close the eyes of it was looking out from within the balloon face just as the man who did not even have to wear the shoes he owned, whom the laughter which the balloon held barricaded and protected from such as he, looked out from whatever invisible place he (the man) happened to be at the moment, at the boy outside the barred door in his patched garments and splayed bare feet, looking through and beyond the boy, he himself seeing his own father and sisters and brothers as the owner, the rich man (not the nigger) must have been seeing them all the time as cattle, creatures heavy and without grace, brutely evacuated into a world without hope or purpose for them, who would in turn spawn with brutish and vicious prolixity, populate, double treble and compound, fill space and earth with a race whose future would be a succession of cut-down and patched and made-over garments bought on exorbitant credit because they were white people, from stores where niggers were given the garments free, with for sole heritage that expression on a balloon face bursting with laughter which had looked out at some unremembered and nameless progenitor who had knocked at a door when he was a little boy and had been told by a nigger to go around to the back.)"
(he said)
(granted his old man)
(not the nigger now either)
(the architect)
(the architect)
(the dogs wouldn’t leave the tree; they said he was in it)
"(in his fine clothes now, even though they were a little soiled and worn with three years of war, with money to rattle in his pocket and his beard at its prime too: beard body and intellect at that peak which all the different parts that make a man reach, where he can say I did all that I set out to do and I could stop here if I wanted to and no man to chide me with sloth, not even myself and maybe this the instant which Fate always picks out to blackjack you, only the peak feels so sound and stable that the beginning of the falling is hidden for a little while with his head flung up a little in that attitude that nobody ever knew exactly who he had aped it from or if he did not perhaps learn it too from the same book out of which he taught himself the words, the bombastic phrases with which Grandfather said he even asked you for a match for his cigar or offered you the cigar and nothing of vanity, nothing comic in it either Grandfather said, because of that innocence which he had never lost because after it finally told him what to do that night he forgot about it and didn’t know that he still had it)"
(the kind of teacher that would be teaching a one-room country school in a nest of Tidewater plantations)
"(his mother was a mountain woman, a Scottish woman who, so he told Grandfather, never did quite learn to speak English)"
"(he was a smallish man who always looked dusty, as if he had been born and lived all his life in attics and store rooms)"
"(I did not actually doubt him. I think that even then, even at my age, I realised that he could not have invented it, that he lacked that something which is necessary in a man to enable him to fool even a child by lying. But you see, I had to be sure, had to take whatever method that came to my hand to make sure. And there was nothing else to hand except him)"
"(and one bottle of champagne which they had overlooked, Grandfather said)"
"(they had to drag the dogs away from the tree, but especially away from the sapling pole with the architect’s suspenders tied to it, as if it was not only that the pole was the last thing the architect had touched but it was the thing his exultation had touched when he saw another chance to elude them, and so it was not only the man but the exultation too which the dogs smelled that made them wild)"
"(he hadn’t spoken for some time, Grandfather said, lying there on one elbow, in the fine boots and the only pants he had and the shirt he had put on when he came out of the mud and washed himself off after he realised that he would have to hunt the architect down himself if he wanted him back alive probably, not talking himself and maybe not even listening while the men talked about cotton and politics, just smoking the cigar Grandfather had given him and looking at the fire embers and maybe making that West Indian voyage again that he had made when he was fourteen and didn’t even know where he was going or if he would ever get there or not, no more way of knowing whether the men who said the ship was going there were lying or not than he had of knowing whether or not the school teacher was telling the truth about what was in the book. And he never told whether the voyage was hard or not, how much he must have had to endure to make it. Which of course he did have to endure, but then he believed that all necessary was courage and shrewdness and the one he knew he had and the other he believed he could learn if it were to be taught, and it probably the hardship of the voyage which comforted him that the men who said the ship was going to the West Indies had not lied to him because at that time, Grandfather said, he probably could not have believed in anything that was easy.)"
(he was not married then either)
(they were thirteen miles from Sutpen’s camp then)
(he would look back now and then and see the horses’ eyes shining in the torch light and the horses’ heads tossing and the shadows slipping along their shoulders and flanks)
(the niggers mostly still naked except for a pair of pants here and there)
(or about the man)
"(“the demon’s,” Shreve said)"
"(obviously at least twenty years old now, crouching behind a window in the dark and firing the muskets through it which someone else loaded and handed to him)"
"(and now Grandfather said there was the first mention a shadow that almost emerged for a moment and then faded again but not completely away of the  ” (“It’s a girl,” Shreve said. “Dont tell me. Just go on.”) “  whom he was to tell Grandfather thirty years afterward he had found unsuitable to his purpose and so put aside, though providing for her)"
(he and Grandfather)
"(and until my first marriage, I might add)"
"(or the seven or eight nights while they huddled in the dark and watched from the windows the barns or granaries or whatever it is you harvest sugar into, and the fields too, blazing and smoking: he said how you could smell it, you could smell nothing else, the rank sweet rich smell as if the hatred and the implacability, the thousand secret dark years which had created the hatred and implacability, had intensified the smell of the sugar: and Grandfather said how he remembered then that he had seen Sutpen each time decline sugar for his coffee and so he (Grandfather) knew why now but he asked anyway to be sure and Sutpen told him it was true; that he had not been afraid until after the fields and barns were all burned and they had even forgot about the smell of the burning sugar, but that he had never been able to bear sugar since)"
"(that once when he mentioned fear by that same inverse process of speaking of a time when he was not afraid, before he became afraid, he put it)"
"(he did not mean shrewdness, Grandfather said. What he meant was unscrupulousness only he didn’t know that word because it would not have been in the book from which the school teacher read. Or maybe that was what he meant by courage, Grandfather said)"
"(that meagre and fragile thread, Grandfather said, by which the little surface corners and edges of men’s secret and solitary lives may be joined for an instant now and then before sinking back into the darkness where the spirit cried for the first time and was not heard and will cry for the last time and will not be heard then either)"
(Grandfather said)
"(least of all, the planter himself who had been asleep on the pillow)"
"(he told Grandfather how until that first night of the siege he had not once thought that he did not know the girl’s christian name, whether he had ever heard it or not. He also told Grandfather, dropped this into the telling as you might flick the joker out of a pack of fresh cards without being able to remember later whether you had removed the joker or not, that the old man’s wife had been a Spaniard, and so it was Grandfather and not Sutpen who realised that until that first night of the attack he had possibly not seen the girl as much as a dozen times)"
"(he found it, hunted for it for two days without even knowing that what he was meeting was a blank wall of black secret faces, a wall behind which almost anything could be preparing to happen and, as he learned later, almost anything was, and on the third day found the body where he could not possibly have missed it during the first hour of the first day if it had been there)"
(Sutpen)
"(should, yes: that would be the terrible thing: to find flesh to stand more than flesh should be asked to stand)"
"(he showed Grandfather the scars, one of which, Grandfather said, came pretty near leaving him that virgin for the rest of his life too)"
(probably the man and the daughter)
(if to anything)
(he would not perform his deep-breathing in the open window tonight at all)
(Quentin’s)
(Shreve’s)
"(Grandfather said how maybe the niggers believed that by fleeing the architect had voluntarily surrendered his status as interdict meat, had voluntarily offered the gambit by fleeing, which the niggers had accepted by chasing him and won by catching him, and that now they would be allowed to cook and eat him, both victors and vanquished accepting this in the same spirit of sport and sportsmanship and no rancor or hard feelings on either side)"
"(all the men who had started the race yesterday had come back except three, and the ones that returned had brought others, so there were more of them now than when the race started, Grandfather said)"
(Grandfather)
(not his courage: Father said he had plenty of that)
(Sutpen)
(Mr Coldfield)
(the boy’s)
(Sutpen’s)
"(only probably not as long here, since time here would be pressing)"
(in which contention)
(which he and Grandfather both now knew)
(or at least be condoned in the doing)
(or maybe engaged)
"(“the demon,” Shreve said)"
"(and Grandfather said he believed, a legally trained)"
"(the one of which he now knew he possessed, the other of which he believed that he had now learned, acquired)"
(the fact that for a time he did nothing and so perhaps helped to bring about the very situation which he dreaded)
(only it didn’t take that long; Father said that probably Mrs Sutpen had Judith and Bon already engaged from the moment she saw Bon’s name in Henry’s first letter)
"(and that not necessary either, Father said, because Mrs Sutpen was already covering the town and county both with news of that engagement that Father said didn’t exist yet)"
"(Father said that maybe by now, after his New Orleans trip, he had learned at last enough about women to know it wouldn’t do any good to go to Judith first)"
(Sutpen)
(Sutpen)
(being a demon though it would not require a demon to foresee war now)
(where Bon was wounded)
"(but with no help, no fudging, on his part because it was him that carried Bon to the rear after Pittsburg Landing)"
"(“the demon’s,” Shreve said)"
(he knew Henry)
"(he would have had the plume by all means. He might have had to discard his sabre, but he would have had the plume)"
(Grandfather said)
"(if he hoped at all, if he were doing anything but just thinking out loud at all)"
(by law)
(if from any source)
(Grandfather said)
(Grandfather had gone back to it too; he was a brigadier now though I reckon this was for more reason than because he just had one arm)
(Grandfather)
(Henry’s)
(Grandfather)
"(that at least regarding which he should have needed no word nor warning even if Judith would have sent him one, sent him acknowledgement that she was beaten, who according to Mr Compson would no more have sent him acknowledgement that he had beat her than she waited (who Miss Coldfield said was not bereaved) and met him on his return, not with the fury and despair perhaps which he might have expected even though knowing as little, having learned as little, about women as Mr Compson said he had, yet certainly with something other than the icy calm with which, according to Miss Coldfield, she met him the kiss again after almost two years, on the brow; the voices, the speeches, quiet, contained, almost impersonal: “And ?” “Yes. Henry killed him” followed by the brief tears which ceased on the instant when they began, as if the moisture consisted of a single sheet or layer thin as a cigarette paper and in the shape of a human face; the “Ah, Clytie. Ah, Rosa. Well, Wash. I was unable to penetrate far enough behind the Yankee lines to cut a piece from that coat tail as I promised you”; the (from Jones) guffaw, the chortle, the old imbecile stability of the articulated mud which, Mr Compson said, outlasts the victories and the defeats both: “Well, Kernel, they kilt us but they aint whupped us yit, air they?”: and that was all. He had returned. He was home again where his problem now was haste, passing time, the need to hurry. He was not concerned, Mr Compson said, about the courage and the will, nor even about the shrewdness now. He was not for one moment concerned about his ability to start the third time. All that he was concerned about was the possibility that he might not have time sufficient to do it in, regain his lost ground in. He did not waste any of what time he had either. The will and the shrewdness too he did not waste, though he doubtless did not consider it to have been either his will or his shrewdness which supplied waiting to his hand the opportunity, and it was probably less of shrewdness and more of courage than even will which got him engaged to Miss Rosa within a period of three months and almost before she was aware of the fact Miss Rosa, the chief disciple and advocate of that cult of demon-harrying of which he was the chief object (even though not victim), engaged to him before she had got accustomed to having him in the house; yes, more of courage than even will, yet something of shrewdness too: the shrewdness acquired in excruciating driblets through the fifty years suddenly capitulant and retroactive or suddenly sprouting and flowering like a seed lain fallow in a vacuum or in a single iron clod. Because he seemed to perceive without stopping, in that passage through the house which was an unbroken continuation of the long journey from Virginia, the pause not to greet his family but merely to pick up Jones and drag him on out to the brier-choked fields and fallen fences and clap axe or mattock into his hands, the one weak spot, the one spot vulnerable to assault in Miss Rosa’s embattled spinsterhood, and to assault and carry this in one stride, with something of the ruthless tactical skill of his old master (the Twenty-third Mississippi was in Jackson’s corps at one time). And then the shrewdness failed him again. It broke down, it vanished into that old impotent logic and morality which had betrayed him before: and what day might it have been, what furrow might he have stopped dead in, one foot advanced, the unsentient plow handles in his instantaneous unsentient hands, what fence panel held in midair as though it had no weight by muscles which could not feel it, when he realised that there was more in his problem than just lack of time, that the problem contained some super-distillation of this lack: that he was now past sixty and that possibly he could get but one more son, had at best but one more son in his loins, as the old cannon might know when it has just one more shot in its corporeality. So he suggested what he suggested to her, and she did what he should have known she would do and would have known probably if he had not bogged himself again in his morality which had all the parts but which refused to run, to move. Hence the proposal, the outrage and unbelief; the tide, the blast of indignation and anger upon which Miss Rosa vanished from Sutpen’s Hundred, her air-ballooned skirts spread upon the flood, chip-light, her bonnet (possibly one of Ellen’s which she had prowled out of the attic) clapped fast onto her head rigid and precarious with rage. And he standing there with the reins over his arm, with perhaps something like smiling inside his beard and about the eyes which was not smiling but the crinkled concentration of furious thinking: the haste, the need for it; the urgency but not fear, not concern: just the fact that he had missed that time, though luckily it was just a spotting shot with a light charge, and the old gun, the old barrel and carriage none the worse; only next time there might not be enough powder for both a spotting shot and then a full-sized load; the fact that the thread of shrewdness and courage and will ran onto the same spool which the thread of his remaining days ran onto and that spool almost near enough for him to reach out his hand and touch it. But this was no grave concern yet, since it (the old logic, the old morality which had never yet failed to fail him) was already falling into pattern, already showing him conclusively that he had been right, just as he knew he had been, and therefore what had happened was just a delusion and did not actually exist)"
(the demon)
(on both their parts)
(it was quite cold now)
(the logic and the morality)
(Wash)
(she was about eight then)
(except it was not one another but him)
(or maybe stole)
(and Clytie too)
(Father said)
(the fine figure of the man as he called it)
(Father said)
"(before he had asked, maybe too insistent, too quick to volunteer it)"
"(may have or may not have told her, whether or no)"
"(Father said Judith actually did this; this was no lie that the girl told Wash: the two of them alone all day long for about a week in the house: and what they must have talked about, what Judith must have talked about while the girl stood around in what she possessed to call under clothes, with her sullen defiant secret watchful face, answering what, telling what that Judith may or may not have tried to shut her eyes to, nobody knew)"
(“that was the mare”)
(which he had never tried to conceal)
"(that morality of his that was a good deal like Sutpen’s, that told him he was right in the face of all fact and usage and everything else)"
(the face of the man who in twenty years he had no more known to make any move save at command than he had the stallion which he rode)
(Wash)
(men)
"(and maybe it would be loud again, forgetting again)"
(it had quit snowing)
(the old man)
"(the Southerner, whose blood ran quick to cool, more supple to compensate for violent changes of temperature perhaps, perhaps merely nearer the surface)"
"(Shreve was nineteen, a few months younger than Quentin. He looked exactly nineteen; he was one of those people whose correct age you never know because they look exactly that and so you tell yourself that he or she cannot possibly be that because he or she looks too exactly that not to take advantage of the appearance: so you never believe implicitly that he or she is either that age which they claim or that which in sheer desperation they agree to or which someone else reports them to be)"
(Quentin and Shreve)
(granted the garden)
(so he thought)
(not face to face)
"(and it did, better than she could have invented or hoped or even dreamed, and your father said how being a woman she probably wasn’t even surprised)"
(the demon)
(the millionaire)
(what passed at least with him for it)
(not bitterness and despair: just implacable will for revenge)
(without help since who to help him)
"(your mother didn’t intend to, anyway)"
(and maybe when you got as old as she was you would be horrified too every time you found hidden in your thoughts anything that just smelled or tasted like it might be a wish to go back there)
(though not exactly in what you would call peace)
(and maybe deciding then and there that it was too much trouble and bother and that he would not have any children or at least hoped he would not)
(him too maybe; maybe the both of them)
(or saw)
(Bon)
(and even if she didn’t know it or whether she knew it or not or would have cared or not)
"(he would have known about the octoroon and the left handed marriage long before the mother did even if it had been any secret; maybe he even had a spy in the bedroom like he seems to have had in Sutpen’s; maybe he even planted her, said to himself like you do about a dog: He is beginning to ramble. He needs a block. Not a tether: just a light block of some sort, so he cant get inside of anything that might have a fence around it)"
(or maybe wished he didn’t)
(or second sight or faith in human misfortune and folly or whatever you want to call it)
"(it was Shreve speaking, though save for the slight difference which the intervening degrees of latitude had inculcated in them (differences not in tone or pitch but of turns of phrase and usage of words), it might have been either of them and was in a sense both: both thinking as one, the voice which happened to be speaking the thought only the thinking become audible, vocal; the two of them creating between them, out of the rag-tag and bob-ends of old tales and talking, people who perhaps had never existed at all anywhere, who, shadows, were shadows not of flesh and blood which had lived and died but shadows in turn of what were (to one of them at least, to Shreve) shades too)"
"(and besides, your father said that when you have plenty of good strong hating you dont need hope because the hating will be enough to nourish you)"
"(not so old yet, but she would have just let herself go in the sense that you keep the engines clean and oiled and the best of coal in the bunkers but you dont bother to shine the brightwork or holystone the decks anymore; just let herself go on the outside. Not fat; she would burn it up too fast for that, shrivel it away in the gullet between swallowing and stomach; no pleasure in the chewing; having to chew just another nuisance like no pleasure in the clothing; having the old wear out and having to choose the new just another nuisance: and no pleasure in the fine figure he ” neither of them said ‘Bon’ “ cut in the fine pants that fit his leg and the fine coats that fit his shoulders nor in the fact that he had more watches and cuff buttons and finer linen and horses and yellow-wheeled buggies (not to mention the gals) than most others did, but all that too just an unavoidable nuisance that he would have to get shut of before he could do her any good just like he had to get shut of the teething and the chicken pox and the light boy’s bones in order to be able to do her any good)"
"(California would be fine, that far away; convenient, proof inherent in the sheer distance, the necessity to accept and believe)"
"(he the lawyer would show her the actual letter, the writing in the English she couldn’t read, that had just come in, that he had just sent for the nigger to carry to her when she came in, and the lawyer done practised putting the necessary date on the letter until he could do it now while his back would be toward her, in the two seconds it would take him to get the letter out of the file)"
(maybe the only word in it she could even recognise would be the word ‘Sutpen’)
(Neither of them said ‘Bon’)
(the woman who since before he could remember he now realised had been planning and grooming him for some moment that would come and pass and following which he saw that to her he would be little more than so much rich rotting dirt; the lawyer who since before he could remember he now realised had been plowing and planting and watering and manuring and harvesting him as if he already was)
(the lawyer)
(or the lawyer)
(not tether)
"(or would believe, who considered Bon only dull, not a fool)"
"(she would not need to say it. He would know because he already knew why she had sent for him, even if he did not know and did not care what she had been up to since before he could remember, since before he could take a woman whether in love or not)"
(the lawyer)
(the lawyer)
"(he was never worried about what Bon would do when he found out; he had probably a long time ago paid Bon that compliment of thinking that even if he was too dull or too indolent to suspect or find out about his father himself, he wasn’t fool enough not to be able to take advantage of it once somebody showed him the proper move; maybe if the thought had ever occurred to him that because of love or honor or anything else under heaven or jurisprudence either, Bon would not, would refuse to, he (the lawyer) would even have furnished proof that he no longer breathed)"
(maybe he had learned from the octoroon that you cant beat women anyhow and that if you are wise or dislike trouble and uproar you dont even try to)
"(though high class, high class)"
(neither of them said ‘Bon’. Never at any time did there seem to be any confusion between them as to whom Shreve meant by ‘he’)
"(where, in a sense, wisdom herself would be a virgin or at least not very second hand)"
"(granted the outcome of this war which was without doubt imminent, the successful conclusion of which we all hoped for, had no doubt of)"
(say)
"(and thank God you can flee, can escape from that massy five-foot-thick maggot-cheesy solidarity which overlays the earth, in which men and women in couples are ranked and racked like ninepins; thanks to whatever Gods for that masculine hipless tapering peg which fits light and glib to move where the cartridge-chambered hips of women hold them fast)"
(probably believed he never would)
(the lawyer’s)
(the lawyer)
"(who not only had no visible father but had found himself to be, even in infancy, enclosed by an unsleeping cabal bent apparently on teaching him that he had never had, that his mother had emerged from a sojourn in limbo, from that state of blessed amnesia in which the weak senses can take refuge from the godless dark forces and powers which weak human flesh cannot stand, to wake pregnant, shrieking and screaming and thrashing, not against the ruthless agony of labor but in protest against the outrage of her swelling loins; that he had been fathered on her not through that natural process but had been blotted onto and out of her body by the old infernal immortal male principle of all unbridled terror and darkness)"
(I hope)
(I do not confess this; I proclaim it)
(clumsy though it be)
(unless perhaps to lie fully dressed beside a fire in the woods listening to dogs running)
(the youth)
(the youth)
"(the cosmopolite ten years the youth’s senior almost, lounging in one of the silk robes the like of which the youth had never seen before and believed that only women wore)"
(the youth)
(because he was young)
"(rather, existed in)"
"(and with no attempt to teach, train, play the mentor on his part and then maybe yes; maybe who could know what times he looked at Henry’s face and thought, not there but for the intervening leaven of that blood which we do not have in common is my skull, my brow, sockets, shape and angle of jaw and chin and some of my thinking behind it, and which he could see in my face in his turn if he but knew to look as I know but there, just behind a little, obscured a little by that alien blood whose admixing was necessary in order that he exist is the face of the man who shaped us both out of that blind chancy darkness which we call the future; there there at any moment, second, I shall penetrate by something of will and intensity and dreadful need, and strip that alien leavening from it and look not on my brother’s face whom I did not know I possessed and hence never missed, but my father’s, out of the shadow of whose absence my spirit’s post-humeity has never escaped; at what moment thinking, watching the eagerness which was without abjectness, the humility which surrendered no pride the entire proffering of the spirit of which the unconscious aping of clothes and speech and mannerisms was but the shell thinking what cannot I do with this willing flesh and bone if I wish; this flesh and bone and spirit which stemmed from the same source that mine did, but which sprang in quiet peace and contentment and ran in steady even though monotonous sunlight, where that which he bequeathed me sprang in hatred and outrage and unforgiving and ran in shadow what could I not mold of this malleable and eager clay which that father himself could not to what shape of what good there might, must, be in that blood and none handy to take and mold that portion of it in me until too late: or what moments when he might have told himself that it was nonsense, it could not be true; that such coincidences only happened in books, thinking the weariness, the fatalism, the incorrigible cat for solitude That young clodhopper bastard. How shall I get rid of him: and then the voice, the other voice: You dont mean that: and he: No. But I do mean the clodhopper bastard)"
"(and Henry aping him here too, who was the better horseman, who maybe had nothing of what Bon would have called style but who had done more of it, to whom a horse was as natural as walking, who would ride anything anywhere and at anything)"
(the three of them: himself and Henry and the sister whom he had never seen and perhaps did not even have any curiosity to see)
(Bon)
(Bon)
(Bon)
(though Henry did not know it)
(and certainly Henry would not know this)
(so your father said)
(didn’t your father say?)
"(and would have purchased him as and paid for him with Judith even, if there had been no other bidder among the four of them or didn’t your father say?)"
"(And the girl, the sister, the virgin Jesus, who to know what she saw that afternoon when they rode up the drive, what prayer, what maiden meditative dream ridden up out of whatever fabulous land, not in harsh stove iron but the silken and tragic Launcelot nearing thirty, ten years older than she was and wearied, sated with what experiences and pleasures, which Henry’s letters must have created for her.)"
(he would believe)
"(it would be spring then, in that country where he had never spent a spring before and you said North Mississippi is a little harder country than Louisiana, with dogwood and violets and the early scentless flowers but the earth and the nights still a little cold and the hard tight sticky buds like young girls’ nipples on alder and Judas trees and beech and maple and even something young in the cedars like he never saw before)"
(without a sister: I dont know about the others)
(whether with his consent or not)
(except that last one)
(who had already told Bon what was in his)
"(It would be June now and what would it be in North Mississippi? what was it you said? the magnolias in bloom and the mockingbirds, and in fifty years more, after they had gone and fought it and lost it and come back home, the Decoration Day and the veterans in the neat brushed hand-ironed gray and the spurious bronze medals that never meant anything to begin with, and the chosen young girls in white dresses bound at the waist with crimson sashes and the band would play Dixie and all the old doddering men would yell that you would not have thought would have had wind enough to get there, walk down town to sit on the rostrum even)"
(who every time he breathed over his vocal cords he was saying We belong to you; do as you will with us)
(Henry)
"(and he, Bon, proud of that)"
"(maybe he even kissed her that time, the first time she had ever been kissed maybe and she too innocent to be coy or modest or even to know that she had been temporised with, maybe afterward just looking at him with a kind of peaceful and blank surprise at the fact that your sweetheart apparently kissed you the first time like your brother would provided of course that your brother ever thought of, could be brought to, kissing you on the mouth)"
(so they told me; not he: they)
(as to how he had liked the school and the people of that country and how perhaps or had he not perhaps? he had made friends up there among the country families)
"(Or what he could have learned in that interview with the lawyer, because it would be a short one; it would be next to the shortest one ever to transpire between them, the shortest one of all next to the last one of course, the one which would occur in the next summer, when Henry would be with him.)"
(Bon)
(the lawyer)
(his mother too)
(oh yes; waiting)
"(because he knew that Sutpen had returned, was now in the house; it would be like a wind, something, dark and chill, breathing upon him and he stopping, grave, quiet, alert, thinking What? What is it? Then he would know; he could feel the other entering the house, and he would let his held breath go quiet and easy, a profound exhalation, his heart quiet too)"
"(and Judith thinking about that like she thought about that first kiss back in the summer: So that’s it. That’s what love is, bludgeoned once more by disappointment but still unbowed)"
(and possibly neither of them conscious of the distinction)
(meaning his father)
(meaning Bon)
(the four of them)
"(whose entire cosmopolitan experience, apart from his sojourn at the school, consisted probably of one or two trips to Memphis with his father to buy live stock or slaves)"
"(the slight dowdy woman with untidy gray-streaked raven hair coarse as a horse’s tail, with parchment-colored skin and implacable pouched black eyes which alone showed no age because they showed no forgetting, whom Shreve and Quentin had likewise invented and which was likewise probably true enough)"
(recreated?)
(or at least apparently act on the assumption)
(and maybe the lawyer was the reason why Bon never answered Henry’s and Judith’s letters during that summer: because he never got them)
(after he the lawyer would have contrived to get hold of Henry and find out a good deal of what Henry was thinking without Henry ever knowing it)
(and maybe in the secret drawer the ledger where he had just finished adding in the last past year’s interest compounded between the intrinsic and the love and pride at two hundred percent.)
(the lawyer)
"(derringer, horse pistol, revolver, whatever it was)"
"(there would be a faint fading red in his cheek, but that would be all: nothing in the voice or in the eyes)"
(which I do not)
"(“Listen,” Shreve said, cried. “It would be while he would be lying in a bedroom of that private house in Corinth after Pittsburg Landing while his shoulder got well two years later and the letter from the octoroon (maybe even the one that contained the photograph of her and the child) finally overtaking him, wailing for money and telling him that the lawyer had departed for Texas or Mexico or somewhere at last and that she (the octoroon) could not find his mother either and so without doubt the lawyer had murdered her before he stole the money, since it would be just like both of them to flee or get themselves killed without providing for her at all.”)"
(Bon)
(or of one long invincible line of Methodists)
(Henry)
"(glaring at Quentin, panting himself, as if he had had to supply his shade not only with a cue but with breath to obey it in)"
(as thin and vain for what it was as the suit)
"(  the winter of ’64 now, the army retreated across Alabama, into Georgia; now Carolina was just at their backs and Bon, the officer, thinking ‘We will either be caught and annihilated or Old Joe will extricate us and we will make contact with Lee in front of Richmond and then we will at least have the privilege of surrender’: and then one day all of a sudden he thought of it, remembered, how that Jefferson regiment of which his father was now colonel was in Longstreet’s corps, and maybe from that moment the whole purpose of the retreat seemed to him to be that of bringing him within reach of his father, to give his father one more chance. So that it must have seemed to him now that he knew at last why he had not been able to decide what he wanted to do. Maybe he thought for just a second, ‘My God, I am still young; even after these four years I am still young’ but just for a second, because maybe in the same breath he said, ‘All right. Then I am young. But I still believe, even though what I believe probably is that war, suffering, these four years of keeping his men alive and able in order to swap them blood and flesh for the largest amount of ground at its bargain price, will have changed him (which I know that it does not do) to where he will say to me not: Forgive me: but: You are my oldest son. Protect your sister; never see either of us again:’ Then it was ’65 and what was left of the Army of the West with nothing remaining now but the ability to walk backward slow and stubborn and to endure musketry and shelling; maybe they didn’t even miss the shoes and overcoats and food any more now and that was why he could write about the captured stove polish like he did in the letter to Judith when he finally knew what he was going to do at last and told Henry and Henry said ‘Thank God. Thank God’, not for the incest of course but because at last they were going to do something, at last he could be something even though that something was the irrevocable repudiation of the old heredity and training and the acceptance of eternal damnation. Maybe he could even quit talking about his Lorraine duke then, because he could say now, ‘It isn’t yours nor his nor the Pope’s hell that we are all going to: it’s my mother’s and her mother’s and father’s and their mothers’ and fathers’ hell, and it isn’t you who are going there, but we, the three no: four of us. And so at least we will all be together where we belong, since even if only he went there we would still have to be there too since the three of us are just illusions that he begot, and your illusions are a part of you like your bones and flesh and memory. And we will all be together in torment and so we will not need to remember love and fornication, and maybe in torment you cannot even remember why you are there. And if we cannot remember all this, it cant be much torment’. Then they were in Carolina, that January and February of ’65 and what was left of them had been walking backward for almost a year now and the distance between them and Richmond was less far than the distance they had come; the distance between them and the end a good deal less far. But to Bon it was not the space between them and defeat but the space between him and the other regiment, between him and the hour, the moment: ‘He will not even have to ask me; I will just touch flesh with him and I will say it myself: You will not need to worry; she shall never see me again’. Then March in Carolina and still the walking backward slow and stubborn and listening to the Northward now because there was nothing to hear from any other direction because in all the other directions it was finished now, and all they expected to hear from the North was defeat. Then one day (he was an officer; he would have known, heard, that Lee had detached some troops and sent them down to reinforce them; perhaps he even knew the names and numbers of the regiments before they arrived) he saw Sutpen. Maybe that first time Sutpen actually did not see him, maybe that first time he could tell himself, ‘That was why; he didn’t see me’, so that he had to put himself in Sutpen’s way, make his chance and situation. Then for the second time he looked at the expressionless and rocklike face, at the pale boring eyes in which there was no flicker, nothing, the face in which he saw his own features, in which he saw recognition, and that was all. That was all, there was nothing further now; perhaps he just breathed once quietly, with on his own face that expression which might at a glance have been called smiling while he thought, ‘I could force him. I could go to him and force him’, knowing that he would not because it was all finished now, that was all of it now and at last. And maybe it was that same night or maybe a night a week later while they were stopped (because even Sherman would have to stop sometimes at night) with the fires burning for warmth at least because at least warmth is cheap and doesn’t remain consumed, that Bon said, ‘Henry’ and said, ‘It wont be much longer now and then there wont be anything left; we wont even have anything to do left, not even the privilege of walking backward slowly for a reason, for the sake of honor and what’s left of pride. Not God; evidently we have done without Him for four years, only He just didn’t think to notify us; and not only not shoes and clothing but not even any need for them, and not only no land nor any way to make food, but no need for the food since we have learned to live without that too; and so if you dont have God and you dont need food and clothes and shelter, there isn’t anything for honor and pride to climb on and hold to and flourish. And if you haven’t got honor and pride, then nothing matters. Only there is something in you that doesn’t care about honor and pride yet that lives, that even walks backward for a whole year just to live; that probably even when this is over and there is not even defeat left, will still decline to sit still in the sun and die, but will be out in the woods, moving and seeking where just will and endurance could not move it, grubbing for roots and such the old mindless sentient undreaming meat that doesn’t even know any difference between despair and victory, Henry’. And then Henry would begin to say ‘Thank God. Thank God’ panting and saying ‘Thank God’, saying, ‘Dont try to explain it. Just do it’ and Bon: ‘You authorise me? As her brother you give me permission?’ and Henry: ‘Brother? Brother? You are the oldest: why do you ask me?’ and Bon: ‘No. He has never acknowledged me. He just warned me. You are the brother and the son. Do I have your permission, Henry?’ and Henry: ‘Write. Write. Write’. So Bon wrote the letter, after the four years, and Henry read it and sent it off. But they didn’t quit then and follow the letter. They still walked backward, slow and stubborn, listening toward the North for the end of it because it takes an awful lot of character to quit anything when you are losing, and they had been walking backward slow for a year now so all they had left was not the will but just the ability, the grooved habit to endure. Then one night they had stopped again since Sherman had stopped again, and an orderly came along the bivouac line and found Henry at last and said, ‘Sutpen, the colonel wants you in his tent.’)"
(or perhaps not curiously at all)
(Rebel picket and Yankee fire)
(Henry)
(perhaps never will)
(an open map lies on it)
(or perhaps something communicated by Henry’s hand)
"(it was forty miles, wasn’t it?)"
(by the sound)
(or have I got it backward and was it your folks that are free and the niggers that lost?)
"(rather, furnace-breathed)"
(he would not discover until they had reached the house)
"(which he thought derived from terror, alarm, until he found that he was quite wrong)"
(as during the long hot afternoon in the dim hot little house)
(if he ever forgot it)
(Miss Coldfield)
"(‘I do,’ he thought. ‘Go back to town and go to bed.’)"
(so that to the man grown the long crowded mile of his boyhood becomes less than the throw of a stone)
(Clytie)
"(and now he saw that she had a flashlight; he remembered how he thought, ‘It must have been in the umbrella too along with the axe’)"
(Clytie)
(and he had not heard him enter)
(though not obvious)
"(and he remembered how he thought, ‘Maybe my face looks like hers did, but it’s not triumph’)"
(or believe he did)
(Quentin)
(and now partially thawed)
(Quentin)
(Quentin)
(while we are hoping)
